,0
0,TXG
1,FLWS
2,ONEM
3,FCCY
4,SRCE
5,TWOU
6,DDD
7,MMM
8,ETNB
9,EGHT
10,AMRK
11,ATEN
12,AAON
13,AIR
14,AAN
15,ABT
16,ABBV
17,ABEO
18,ANF
19,ABMD
20,ABM
21,ACIA
22,ACTG
23,ACHC
24,ACAD
25,AKR
26,ACEL
27,AXDX
28,XLRN
29,ACN
30,ACCO
31,ARAY
32,ACRX
33,ACIW
34,ACNB
35,ATVI
36,AYI
37,GOLF
38,AE
39,AHCO
40,ADPT
41,ADUS
42,ADNT
43,ADMA
44,ADBE
45,ADT
46,ATGE
47,ADTN
48,ALEX
49,ALX
50,ARE
51,ALXN
52,ALCO
53,ALGN
54,ALKS
55,ALLK
56,Y
57,ATI
58,ABTX
59,ALGT
60,ALLE
61,ALE
62,ADS
63,LNT
64,AMOT
65,ALSN
66,ALLO
67,MDRX
68,ALL
69,ALLY
70,ALNY
71,AOSL
72,APT
73,GOOGL
74,GOOG
75,ATEC
76,PINE
77,ALTG
78,ALTR
79,AYX
80,ATUS
81,ASPS
82,AIMC
83,MO
84,AMAG
85,AMAL
86,AMZN
87,AMBC
88,AMBA
89,AMC
90,AMCX
91,AMCR
92,DOX
93,AMED
94,APEI
95,AMTB
96,UHAL
97,NLY
98,ANSS
99,ATRS
100,ATEX
101,AM
102,AR
103,ANTM
104,ANH
105,AON
106,APA
107,AIV
108,APLS
109,APG
110,APOG
111,ARI
112,APO
113,AMEH
114,APPF
115,APPN
116,APLE
117,AAPL
118,AGTC
119,AIT
120,AMAT
121,AAOI
122,APLT
123,APRE
124,ATR
125,APTX
126,APTV
127,APYX
128,AQST
129,ARMK
130,ARAV
131,ABR
132,ARCB
133,ACGL
134,ARCH
135,ADM
136,AROC
137,ARNC
138,ACA
139,ARCT
140,RCUS
141,ARQT
142,ARD
143,ARDX
144,ASC
145,ARNA
146,ATRC
147,ATRI
148,AUBN
149,ADSK
150,ADP
151,AN
152,AZO
153,AVLR
154,AVCO
155,AVB
156,AGR
157,AVNS
158,AVTR
159,AVYA
160,ATXI
161,AVEO
162,AVY
163,CDMO
164,AVID
165,CAR
166,AVA
167,AVT
168,AVRO
169,AXTA
170,ACLS
171,AXLA
172,AXS
173,AXGN
174,AAXN
175,AXNX
176,AX
177,AXSM
178,AXTI
179,AYTU
180,AZZ
181,BGS
182,RILY
183,BMI
184,BKR
185,BCPC
186,BLL
187,BANC
188,BANF
189,BLX
190,TBBK
191,BXS
192,BAND
193,BOCH
194,BFC
195,BDSI
196,BIIB
197,BHVN
198,BLFS
199,BMRN
200,BSGM
201,BSTC
202,BEAT
203,BTAI
204,BJRI
205,BJ
206,BDTX
207,BKH
208,BKI
209,BLKB
210,BL
211,BLK
212,BXMT
213,HRB
214,BE
215,BLMN
216,BCOR
217,BLBD
218,BLUE
219,BXG
220,BPMC
221,BRG
222,BMCH
223,BA
224,BSBK
225,WIFI
226,BCC
227,BOKF
228,BCEI
229,BKNG
230,BOOT
231,BAH
232,BWA
233,SAM
234,BOMN
235,BPFH
236,BXP
237,BSX
238,EPAY
239,BOX
240,BYD
241,BRC
242,BCLI
243,BDN
244,CDZI
245,CZR
246,CSTE
247,CAI
248,CALM
249,CAMP
250,CVGW
251,CMCL
252,CAL
253,CALB
254,CRC
255,CWT
256,CALA
257,CALX
258,ELY
259,CLXT
260,CMBM
261,CATC
262,CAC
263,CPT
264,CPB
265,CWH
266,CNNE
267,CMD
268,CBNK
269,CCBG
270,COF
271,CFFN
272,CPRI
273,CSTR
274,CMO
275,CARA
276,CAH
277,CSII
278,CDLX
279,CATM
280,CDNA
281,CTRE
282,CARG
283,CSL
284,CG
285,KMX
286,CCL
287,CRS
288,CSV
289,CARR
290,TAST
291,CARS
292,CARE
293,CERS
294,CEVA
295,CF
296,CSBR
297,CHX
298,CHNG
299,ECOM
300,CRL
301,GTLS
302,CHTR
303,CCF
304,CLDT
305,CKPT
306,CAKE
307,CHEF
308,CHGG
309,CEMI
310,CHE
311,CCXI
312,CHMG
313,LNG
314,CHMI
315,CHK
316,CPK
317,CVX
318,CHMA
319,CHS
320,PLCE
321,CIM
322,CMRX
323,CMG
324,CHH
325,COFS
326,CDXC
327,CB
328,CHD
329,CHDN
330,CHUY
331,CDTX
332,CIEN
333,CI
334,CMCT
335,XEC
336,CMPR
337,CBB
338,CINF
339,CNK
340,CTAS
341,CIR
342,CLCT
343,COLL
344,CBAN
345,CLNY
346,CLNC
347,COLB
348,CLBK
349,CXP
350,COLM
351,CMCO
352,CMCSA
353,CMA
354,FIX
355,CBSH
356,CMC
357,COMM
358,CBU
359,ESXB
360,TCFC
361,CYH
362,CHCT
363,CTBI
364,CVLT
365,CMP
366,CPSI
367,CIX
368,SCOR
369,CRK
370,CMTL
371,CAG
372,CNCE
373,CXO
374,BBCP
375,CNDT
376,CNMD
377,CNOB
378,CONN
379,COP
380,CEIX
381,CNSL
382,ED
383,CWCO
384,STZ
385,CNST
386,ROAD
387,MCF
388,CLR
389,CFRX
390,COO
391,CSX
392,CTO
393,CTS
394,CUBE
395,CUB
396,CUE
397,CFR
398,CMI
399,CURO
400,CW
401,CWK
402,CUBI
403,CUTR
404,CVBF
405,CVI
406,CVS
407,CYBE
408,CYCN
409,CBAY
410,CONE
411,CYTK
412,CTMX
413,CTSO
414,DHI
415,DJCO
416,DAKT
417,DAN
418,DHR
419,DRI
420,DAR
421,DZSI
422,DSKE
423,DDOG
424,PLAY
425,DVA
426,DCPH
427,DECK
428,DE
429,TACO
430,DK
431,DELL
432,DBCP
433,DAL
434,DLX
435,DNLI
436,DENN
437,XRAY
438,DMTK
439,DBI
440,DRE
441,DLTH
442,DNKN
443,DD
444,DRRX
445,DXC
446,DXPE
447,DYAI
448,DY
449,DT
450,DVAX
451,DX
452,ETFC
453,EGBN
454,EBMT
455,EGLE
456,EXP
457,EGRX
458,ESTE
459,EWBC
460,DEA
461,EML
462,EGP
463,EMN
464,KODK
465,ETN
466,EV
467,EBAY
468,EBIX
469,ECHO
470,SATS
471,ECL
472,EPC
473,EIX
474,EDIT
475,EW
476,EGAN
477,EHTH
478,EIDX
479,EIGR
480,EE
481,LOCO
482,ELAN
483,ESTC
484,ERI
485,ELMD
486,EA
487,ESI
488,ELF
489,ELS
490,EQR
491,ERIE
492,EROS
493,ESCA
494,ESE
495,ESPR
496,ESQ
497,ESSA
498,ESNT
499,EPRT
500,WTRG
501,ESS
502,EL
503,ETH
504,ETON
505,ETSY
506,EEFT
507,EVBN
508,EVLO
509,EB
510,EVBG
511,EVR
512,RE
513,EVRG
514,EVRI
515,EVER
516,ES
517,EVTC
518,EVI
519,EVOP
520,EVFM
521,EVH
522,EOLS
523,EPM
524,AQUA
525,EXAS
526,XGN
527,EXEL
528,EXC
529,XCUR
530,EXLS
531,XONE
532,EXPI
533,EXPE
534,EXPD
535,EXPO
536,EXPR
537,STAY
538,FCF
539,FFBC
540,THFF
541,FFIN
542,FFWM
543,FGBI
544,FHB
545,FHN
546,FR
547,INBK
548,FIBK
549,FLIC
550,FRME
551,FMBH
552,FMBI
553,FNWB
554,FRC
555,FSFG
556,FSLR
557,FUNC
558,MYFW
559,FCFS
560,FE
561,FISV
562,FIT
563,FIVE
564,FPRX
565,FVE
566,FIVN
567,FBC
568,FLT
569,FLXN
570,FLIR
571,FND
572,FLO
573,FLS
574,FLNT
575,FLDM
576,FLR
577,FFIC
578,FMC
579,FNB
580,FNCB
581,FNF
582,FOCS
583,FONR
584,FL
585,F
586,FSCT
587,GME
588,GLPI
589,GAN
590,GCI
591,GPS
592,GRMN
593,IT
594,GTES
595,GATX
596,GLIBA
597,GCP
598,GNSS
599,GNK
600,GENC
601,GNRC
602,GD
603,GE
604,GFN
605,GIS
606,GM
607,GCO
608,GNE
609,GNMK
610,G
611,GNPX
612,GNTX
613,THRM
614,GPC
615,GNW
616,GEO
617,GABC
618,GERN
619,GTY
620,ROCK
621,GILD
622,GBCI
623,GOOD
624,LAND
625,GLT
626,GKOS
627,GBT
628,GBLI
629,GMRE
630,GNL
631,GPN
632,GWRS
633,GSB
634,GLOB
635,GL
636,GRPN
637,GRWG
638,GRUB
639,GSIT
640,GTT
641,GTYH
642,GNTY
643,GH
644,GES
645,GWRE
646,GPOR
647,GWGH
648,HEES
649,HCKT
650,HAE
651,HAIN
652,HAL
653,HALO
654,HBB
655,HLNE
656,HWC
657,HBI
658,HNGR
659,HAFC
660,HASI
661,THG
662,HONE
663,HOG
664,HLIT
665,HARP
666,HROW
667,HSC
668,HIG
669,HBIO
670,HAS
671,HVT
672,HE
673,HA
674,HWKN
675,HWBK
676,HAYN
677,FUL
678,HBT
679,HCHC
680,HCA
681,HCI
682,HDS
683,HCAT
684,HR
685,HTBI
686,FIXX
687,HON
688,HOFT
689,HOOK
690,HOPE
691,HMN
692,HBNC
693,HZNP
694,HRL
695,HST
696,TWNK
697,HMHC
698,HLI
699,HBMD
700,HHC
701,HWM
702,HPQ
703,HUBG
704,HUBB
705,HUBS
706,HUD
707,HPP
708,HUM
709,HBAN
710,HII
711,HUN
712,HURC
713,HURN
714,H
715,HY
716,IIIV
717,IAA
718,IAC
719,IBKC
720,IBIO
721,ICAD
722,ICFI
723,ICHR
724,ICUI
725,IDA
726,IDYA
727,IEX
728,IDXX
729,IDT
730,IESC
731,IGMS
732,IHRT
733,INFO
734,ICE
735,IDCC
736,TILE
737,IBOC
738,IGT
739,IMXI
740,IP
741,INSW
742,IPG
743,XENT
744,IVAC
745,IBM
746,INTL
747,IFF
748,ITCI
749,IPI
750,IIN
751,INTU
752,ISRG
753,IVC
754,IVZ
755,IVR
756,ISTR
757,ISBC
758,IRET
759,ITIC
760,NVTA
761,INVH
762,IONS
763,IOVA
764,IPGP
765,IQV
766,IRMD
767,IRTC
768,IRDM
769,IRBT
770,IRM
771,IRWD
772,STAR
773,ITI
774,ITRI
775,ITT
776,ISEE
777,JJSF
778,JCOM
779,JBL
780,JACK
781,J
782,JRVR
783,KNSL
784,KEX
785,KRG
786,KKR
787,KREF
788,KLAC
789,KNX
790,KNL
791,KN
792,KOD
793,KSS
794,KTB
795,KOP
796,KFY
797,KOS
798,KRA
799,KTOS
800,KR
801,KRO
802,KRYS
803,KURA
804,KRUS
805,KVHI
806,LB
807,LHX
808,LJPC
809,LZB
810,LH
811,LADR
812,LBAI
813,LKFN
814,LAKE
815,LRCX
816,LAMR
817,LW
818,LANC
819,LNDC
820,LARK
821,LE
822,LSTR
823,LCI
824,LNTH
825,LVS
826,LSCC
827,LAUR
828,LAWS
829,LAZ
830,LCII
831,LCNB
832,LOB
833,LTHM
834,LPSN
835,RAMP
836,LIVX
837,LVGO
838,LKQ
839,LMT
840,L
841,LOGC
842,LOGM
843,LORL
844,LPX
845,LOVE
846,LOW
847,LPLA
848,LYTS
849,LTC
850,LULU
851,LL
852,LITE
853,LMNX
854,LUNA
855,LBC
856,LXFR
857,LDL
858,LYFT
859,LYB
860,LYRA
861,MTB
862,MHO
863,MCBC
864,MAC
865,CLI
866,MFNC
867,MTSI
868,MIC
869,MGNX
870,M
871,SHOO
872,MSGS
873,MSGE
874,MDGL
875,MGLN
876,MGTA
877,MGY
878,MNSB
879,MJCO
880,MBUU
881,MDC
882,MDU
883,MDLA
884,MPW
885,MNOV
886,MED
887,MD
888,MEDP
889,MDT
890,MEIP
891,MGTX
892,MNLO
893,MBWM
894,MBIN
895,MRK
896,MCY
897,MRCY
898,MDP
899,EBSB
900,VIVO
901,MRBK
902,MMSI
903,MTH
904,MTOR
905,MRSN
906,MESA
907,MLAB
908,CASH
909,MEI
910,MET
911,MCBS
912,MCB
913,MTD
914,MFA
915,MGEE
916,MTG
917,MGM
918,MGPI
919,MIK
920,MCHP
921,MU
922,MSFT
923,MSTR
924,MPB
925,MAA
926,MIDD
927,MBCN
928,MSEX
929,MSBI
930,MLI
931,MWA
932,MUR
933,MUSA
934,MBIO
935,MVBF
936,MYE
937,MYL
938,MYOK
939,MYRG
940,MYGN
941,NBR
942,NC
943,NSTG
944,NH
945,NK
946,NSSC
947,NDAQ
948,NTRA
949,NATH
950,NBHC
951,NKSH
952,FIZZ
953,NCMI
954,NESR
955,NFG
956,NGHC
957,NHI
958,NHC
959,NATI
960,NOV
961,NPK
962,NRC
963,NNN
964,NSA
965,EYE
966,NWLI
967,NGVC
968,NATR
969,NTUS
970,NLS
971,NAVI
972,NAV
973,NBTB
974,NCR
975,NP
976,NKTR
977,NNI
978,NMRD
979,NDSN
980,JWN
981,NSC
982,NBN
983,NTRS
984,NFBK
985,NRIM
986,NOC
987,NWBI
988,NWN
989,NWPX
990,NWE
991,NLOK
992,NCLH
993,NWFL
994,NG
995,NOVT
996,NVAX
997,NVCR
998,DNOW
999,NRG
1000,NUS
1001,NUAN
1002,NUE
1003,NTNX
1004,NUVA
1005,NVEE
1006,NVEC
1007,NVT
1008,NVDA
1009,NVR
1010,NYMX
1011,ORLY
1012,OVLY
1013,OXY
1014,OII
1015,OCFC
1016,OFED
1017,OCUL
1018,ODT
1019,ODP
1020,OPI
1021,OFG
1022,OGE
1023,OVBC
1024,OI
1025,ODC
1026,OIS
1027,OKTA
1028,OUT
1029,OSG
1030,OSTK
1031,OVID
1032,OVV
1033,OMI
1034,OC
1035,OXM
1036,OYST
1037,PTSI
1038,CNXN
1039,PCAR
1040,PACB
1041,PPBI
1042,PCRX
1043,PKG
1044,PACW
1045,PAE
1046,PD
1047,PANW
1048,PLMR
1049,PANL
1050,PZZA
1051,PARR
1052,PAR
1053,PGRE
1054,PRTK
1055,PKE
1056,PCYG
1057,PK
1058,PRK
1059,PKOH
1060,PKBK
1061,PH
1062,PE
1063,PSN
1064,PASG
1065,PATK
1066,PDCO
1067,PTEN
1068,PAVM
1069,PAYX
1070,PAYC
1071,PCTY
1072,PYPL
1073,PAYS
1074,PBF
1075,PCB
1076,PCSB
1077,PIRS
1078,PPC
1079,PING
1080,PNFP
1081,PNW
1082,PINS
1083,PBFS
1084,PXD
1085,PIPR
1086,PBI
1087,PXLW
1088,PJT
1089,PLNT
1090,PLT
1091,AGS
1092,PLXS
1093,PLUG
1094,PLBC
1095,PS
1096,PLYM
1097,PNC
1098,PNM
1099,PII
1100,POL
1101,POOL
1102,BPOP
1103,POR
1104,PTLA
1105,POST
1106,PCH
1107,POWL
1108,POWI
1109,PWFL
1110,PPD
1111,PPG
1112,PPL
1113,PQG
1114,PRAA
1115,PRAH
1116,PGEN
1117,DTIL
1118,APTS
1119,PFBC
1120,PLPC
1121,PFC
1122,PFBI
1123,PINC
1124,PBH
1125,PRVL
1126,QGEN
1127,QRVO
1128,QTS
1129,QUAD
1130,KWR
1131,QCOM
1132,QLYS
1133,NX
1134,PWR
1135,QTRX
1136,QMCO
1137,DGX
1138,QDEL
1139,QNST
1140,QTNT
1141,QUOT
1142,QRTEA
1143,RCM
1144,RDN
1145,RLGT
1146,RDUS
1147,RDNT
1148,RFL
1149,RL
1150,RMBS
1151,RRC
1152,PACK
1153,RPD
1154,RAPT
1155,RAVN
1156,RJF
1157,RYAM
1158,RYN
1159,RTX
1160,RBB
1161,ROLL
1162,RICK
1163,RMAX
1164,RC
1165,RLGY
1166,RP
1167,O
1168,RETA
1169,REPH
1170,RRBI
1171,RRGB
1172,RRR
1173,RDVT
1174,RDFN
1175,RAD
1176,RVSB
1177,RLI
1178,RLJ
1179,RMR
1180,RHI
1181,RCKT
1182,ROK
1183,RMTI
1184,RCKY
1185,ROG
1186,ROKU
1187,ROL
1188,ROP
1189,RST
1190,ROST
1191,RCL
1192,RGLD
1193,RES
1194,RPM
1195,RPT
1196,RTIX
1197,RUBI
1198,RUBY
1199,RUSHA
1200,RUSHB
1201,RUTH
1202,R
1203,RYI
1204,RHP
1205,STBA
1206,SPGI
1207,SBRA
1208,SABR
1209,SB
1210,SFE
1211,SAFE
1212,SAFT
1213,SGA
1214,SAGE
1215,SAIA
1216,SAIL
1217,CRM
1218,SAL
1219,SBH
1220,SAFM
1221,SASR
1222,JBSS
1223,SGMO
1224,MCRB
1225,SRG
1226,SCI
1227,SVC
1228,SERV
1229,NOW
1230,SREV
1231,SFBS
1232,SFL
1233,SHAK
1234,SMED
1235,SHEN
1236,SHW
1237,SWAV
1238,SCVL
1239,SHBI
1240,SSTI
1241,SSTK
1242,SIBN
1243,SIEB
1244,SIEN
1245,BSRR
1246,SIGA
1247,SBNY
1248,SIG
1249,SLGN
1250,SLAB
1251,SILK
1252,SAMG
1253,SI
1254,SFNC
1255,SPG
1256,SMPL
1257,SSD
1258,SLP
1259,SBGI
1260,SIRI
1261,SITC
1262,SITE
1263,SITM
1264,SIX
1265,SJW
1266,SKX
1267,SKY
1268,SKYW
1269,SWKS
1270,SLG
1271,WORK
1272,SNBR
1273,SFM
1274,SPSC
1275,SPXC
1276,FLOW
1277,SQ
1278,SSNC
1279,JOE
1280,STAA
1281,STAG
1282,STMP
1283,STND
1284,SMP
1285,SXI
1286,SWK
1287,SBUX
1288,SRT
1289,STWD
1290,STFC
1291,STT
1292,STLD
1293,SCS
1294,SCL
1295,STXS
1296,SRCL
1297,STE
1298,STL
1299,SBT
1300,STRL
1301,STC
1302,SF
1303,SFIX
1304,SYBT
1305,STOK
1306,STNE
1307,SRI
1308,STOR
1309,STRA
1310,STRS
1311,SBBP
1312,SYK
1313,RGR
1314,SMMF
1315,INN
1316,SUM
1317,SUI
1318,SXC
1319,NOVA
1320,SPWR
1321,RUN
1322,TELL
1323,TPX
1324,TENB
1325,THC
1326,TNC
1327,TEN
1328,TDC
1329,TER
1330,TEX
1331,TERP
1332,TRNO
1333,TBNK
1334,TSLA
1335,TTEK
1336,TCBI
1337,TXN
1338,TXRH
1339,TGH
1340,TXT
1341,TFSL
1342,TGTX
1343,CC
1344,TCS
1345,JYNT
1346,KHC
1347,MEET
1348,REAL
1349,SHYF
1350,TTD
1351,WEN
1352,TXMD
1353,TBPH
1354,TMO
1355,THR
1356,TPRE
1357,THO
1358,TDW
1359,TIF
1360,TLYS
1361,TSBK
1362,TKR
1363,TMST
1364,TIPT
1365,TITN
1366,TVTY
1367,TJX
1368,TOL
1369,TMP
1370,TR
1371,TPC
1372,TWLO
1373,TRWH
1374,TWST
1375,TWTR
1376,TWO
1377,TYL
1378,TYME
1379,TSN
1380,USCR
1381,USPH
1382,SLCA
1383,UBER
1384,UI
1385,UDR
1386,UFPI
1387,UFPT
1388,UGI
1389,ULTA
1390,UCTT
1391,RARE
1392,ULBI
1393,UMBF
1394,UMH
1395,UMPQ
1396,UAA
1397,UA
1398,UFI
1399,UNF
1400,UNP
1401,UIS
1402,UAL
1403,UBSI
1404,UCBI
1405,UFCS
1406,UIHC
1407,UNFI
1408,UPS
1409,URI
1410,UBFO
1411,USM
1412,USLM
1413,X
1414,UTHR
1415,UNH
1416,UNIT
1417,UTL
1418,UNTY
1419,UBX
1420,VCEL
1421,VERY
1422,VRNT
1423,VRSN
1424,VRSK
1425,VBTX
1426,VRTV
1427,VERI
1428,VZ
1429,VRRM
1430,VRCA
1431,VRS
1432,VRTX
1433,VRT
1434,VERU
1435,VIACA
1436,VIAC
1437,VVI
1438,VSAT
1439,VIAV
1440,VICI
1441,VICR
1442,VIE
1443,VMD
1444,VRAY
1445,VKTX
1446,VLGEA
1447,VIR
1448,SPCE
1449,VHC
1450,VIRT
1451,VRTS
1452,VRTU
1453,V
1454,VSH
1455,VPG
1456,VSTO
1457,VC
1458,VST
1459,VVNT
1460,VSLR
1461,VMW
1462,VCRA
1463,VNRX
1464,VG
1465,VNO
1466,VOXX
1467,VOYA
1468,VYGR
1469,WHR
1470,WTM
1471,WSR
1472,WLL
1473,WOW
1474,JW.A
1475,WLDN
1476,WMB
1477,WSM
1478,WLFC
1479,WLTW
1480,WSC
1481,WING
1482,WINA
1483,WGO
1484,WTFC
1485,WETF
1486,WWW
1487,WWD
1488,WDAY
1489,WKHS
1490,WK
1491,WRLD
1492,INT
1493,WWE
1494,WOR
1495,WPX
1496,WRTC
1497,WMGI
1498,WSFS
1499,WW
1500,WYND
1501,WH
1502,WYNN
1503,XFOR
1504,XBIT
1505,XEL
1506,XNCR
1507,XHR
1508,XERS
1509,XRX
1510,XLNX
1511,XOMA
1512,XPEL
1513,XPER
1514,XPO
1515,XYL
1516,YELP
1517,YMAB
1518,ADRO
1519,AAP
1520,ADSW
1521,WMS
1522,ADES
1523,AEIS
1524,AMD
1525,ASIX
1526,ADVM
1527,ACM
1528,AEGN
1529,AGLE
1530,AERI
1531,AJRD
1532,AVAV
1533,AES
1534,AMG
1535,AFMD
1536,AFL
1537,AGCO
1538,AGEN
1539,AGRX
1540,A
1541,AGYS
1542,AGIO
1543,AGNC
1544,ADC
1545,AGFS
1546,AIMT
1547,AL
1548,APD
1549,ATSG
1550,AKAM
1551,AKCA
1552,AKBA
1553,KERN
1554,AKRO
1555,AKTS
1556,ALG
1557,ALRM
1558,ALK
1559,ALSK
1560,AIN
1561,ALB
1562,ALBO
1563,AA
1564,ALEC
1565,ALRS
1566,AEE
1567,AMRC
1568,AAL
1569,AAT
1570,AXL
1571,ACC
1572,AEO
1573,AEP
1574,AEL
1575,AXP
1576,AFIN
1577,AFG
1578,AMH
1579,AIG
1580,ANAT
1581,AMNB
1582,ARA
1583,ARL
1584,AMSWA
1585,AWR
1586,AMSC
1587,AMT
1588,AVD
1589,AMWD
1590,AWK
1591,CRMT
1592,COLD
1593,AMP
1594,ABCB
1595,AMSF
1596,ABC
1597,ATLO
1598,AME
1599,AMGN
1600,FOLD
1601,AMKR
1602,AMN
1603,AMRX
1604,AMPH
1605,APH
1606,AMRS
1607,ADI
1608,PLAN
1609,ANAB
1610,AVXL
1611,ANDE
1612,ANGO
1613,ANIP
1614,ANIK
1615,ACRE
1616,ARES
1617,AGX
1618,ARGO
1619,ANET
1620,AI
1621,ARLO
1622,AHH
1623,ARR
1624,AWI
1625,ARW
1626,AROW
1627,ARWR
1628,ARTNA
1629,APAM
1630,ARVN
1631,ABG
1632,ASGN
1633,ASH
1634,ASPN
1635,ASPU
1636,AZPN
1637,AWH
1638,ASMB
1639,AMK
1640,ASB
1641,AC
1642,AIZ
1643,AGO
1644,ASTE
1645,ATRO
1646,ASUR
1647,HOME
1648,T
1649,ATRA
1650,ATH
1651,ATNX
1652,ATHX
1653,ATKR
1654,ACBI
1655,AT
1656,AUB
1657,ATLC
1658,AAWW
1659,TEAM
1660,ATO
1661,ATNI
1662,ATOM
1663,BCEL
1664,BAC
1665,BOH
1666,BMRC
1667,BK
1668,NTB
1669,BPRN
1670,OZK
1671,BSVN
1672,BFIN
1673,BKU
1674,BWFG
1675,BANR
1676,BHB
1677,B
1678,BBSI
1679,BAX
1680,BCML
1681,BBX
1682,BCBP
1683,BECN
1684,BEAM
1685,BZH
1686,BDX
1687,BBBY
1688,BELFB
1689,BDC
1690,BLPH
1691,BRBR
1692,BHE
1693,BNFT
1694,BFYT
1695,WRB
1696,BRK.B
1697,BHLB
1698,BRY
1699,BERY
1700,BBY
1701,XAIR
1702,BYND
1703,BYSI
1704,BGSF
1705,BGCP
1706,BIG
1707,BH.A
1708,BH
1709,BILL
1710,BCRX
1711,BIO
1712,TECH
1713,BDGE
1714,BBIO
1715,BWB
1716,BRID
1717,MNRL
1718,BFAM
1719,BCOV
1720,BHF
1721,BSIG
1722,BV
1723,EAT
1724,BCO
1725,BMY
1726,VTOL
1727,BRX
1728,AVGO
1729,BRMK
1730,BR
1731,BKD
1732,BIPC
1733,BPYU
1734,BRKL
1735,BRKS
1736,BRO
1737,BF.A
1738,BF.B
1739,BRP
1740,BRT
1741,BRKR
1742,BC
1743,BMTC
1744,BKE
1745,BLDR
1746,BG
1747,BURL
1748,BFST
1749,BWXT
1750,BY
1751,CFFI
1752,CHRW
1753,CABA
1754,CABO
1755,CBT
1756,CCMP
1757,COG
1758,CACI
1759,WHD
1760,CADE
1761,CDNS
1762,CRI
1763,CVNA
1764,CASA
1765,CWST
1766,CASY
1767,CASI
1768,CSPR
1769,CASS
1770,SAVA
1771,CSTL
1772,CATB
1773,CTLT
1774,CBIO
1775,CPRX
1776,CATS
1777,CTT
1778,CAT
1779,CATY
1780,CATO
1781,CVCO
1782,CBFV
1783,CBZ
1784,CBOE
1785,CBRE
1786,CBTX
1787,CDK
1788,CDW
1789,CECE
1790,CE
1791,CBMG
1792,CVM
1793,CELH
1794,CNC
1795,CNP
1796,CNTG
1797,CETV
1798,CENT
1799,CENTA
1800,CPF
1801,CVCY
1802,CENX
1803,CNBKA
1804,CNTY
1805,CCS
1806,CTL
1807,CERC
1808,CRNC
1809,CDAY
1810,CERN
1811,CRUS
1812,CSCO
1813,CIT
1814,CTRN
1815,C
1816,CZNC
1817,CFG
1818,CIZN
1819,CIA
1820,CTXS
1821,CHCO
1822,CIO
1823,CIVB
1824,CLAR
1825,CLNE
1826,CLH
1827,CLFD
1828,CLW
1829,CWEN.A
1830,CWEN
1831,CLF
1832,CLPR
1833,CLX
1834,CLDR
1835,NET
1836,CLVS
1837,CME
1838,CMS
1839,CNA
1840,CCNE
1841,CNO
1842,CNX
1843,CCB
1844,KO
1845,COKE
1846,CDXS
1847,CODX
1848,CVLY
1849,CDE
1850,CCOI
1851,CGNX
1852,CTSH
1853,CWBR
1854,CNS
1855,COHR
1856,CHRS
1857,COHU
1858,CFX
1859,CL
1860,CPS
1861,CTB
1862,CPA
1863,CPRT
1864,CRBP
1865,CORT
1866,CORE
1867,CXW
1868,CLGX
1869,CORR
1870,CPLG
1871,COR
1872,CRMD
1873,CNR
1874,CSOD
1875,GLW
1876,OFC
1877,CTVA
1878,CRTX
1879,CRVL
1880,CMRE
1881,CSGP
1882,COST
1883,COTY
1884,ICBK
1885,COUP
1886,CUZ
1887,CVA
1888,CVTI
1889,CVET
1890,COWN
1891,CRAI
1892,CBRL
1893,BREW
1894,CR
1895,CRD.A
1896,CACC
1897,CREE
1898,CRNX
1899,CROX
1900,CCRN
1901,CFB
1902,CRWD
1903,CCI
1904,CCK
1905,CRY
1906,CYRX
1907,CSGS
1908,CSWI
1909,DVN
1910,DXCM
1911,DHX
1912,DHT
1913,DHIL
1914,DSSI
1915,FANG
1916,DRH
1917,DRNA
1918,DKS
1919,DBD
1920,DGII
1921,DMRC
1922,DLR
1923,APPS
1924,DDS
1925,DCOM
1926,DIN
1927,DIOD
1928,DFS
1929,DISCA
1930,DISCK
1931,DISH
1932,DIS
1933,DHC
1934,BOOM
1935,DOCU
1936,DLB
1937,DG
1938,DLTR
1939,D
1940,DPZ
1941,DOMO
1942,UFS
1943,DCI
1944,DGICA
1945,DFIN
1946,LPG
1947,DORM
1948,PLOW
1949,DEI
1950,DOV
1951,DOW
1952,DRQ
1953,DBX
1954,DSPG
1955,DTE
1956,DCO
1957,DUK
1958,EFC
1959,EARN
1960,ELOX
1961,EME
1962,EEX
1963,EBS
1964,EMR
1965,ESRT
1966,EIG
1967,ENTA
1968,EHC
1969,ECPG
1970,WIRE
1971,ENDP
1972,EIGI
1973,ENR
1974,UUUU
1975,ERII
1976,EPAC
1977,ENS
1978,EBF
1979,ENOB
1980,ENVA
1981,ENPH
1982,NPO
1983,ENSG
1984,ESGR
1985,ENTG
1986,ETM
1987,ETR
1988,EBTC
1989,EFSC
1990,EVC
1991,ELA
1992,ENV
1993,NVST
1994,ENZ
1995,EOG
1996,EPAM
1997,EPZM
1998,PLUS
1999,EPR
2000,EQT
2001,EFX
2002,EQIX
2003,EQH
2004,ETRN
2005,EQBK
2006,EQC
2007,EXTN
2008,EXR
2009,EXTR
2010,XOM
2011,EZPW
2012,FFIV
2013,FN
2014,FB
2015,FDS
2016,FICO
2017,FLMN
2018,FARM
2019,FMAO
2020,FMNB
2021,FPI
2022,FARO
2023,FAST
2024,FSLY
2025,FATE
2026,FBK
2027,FFG
2028,AGM
2029,FRT
2030,FSS
2031,FHI
2032,FDX
2033,FNHC
2034,FENC
2035,FOE
2036,FGEN
2037,FDBC
2038,FIS
2039,FRGI
2040,FITB
2041,FISI
2042,FEYE
2043,FAF
2044,FNLC
2045,FBNC
2046,FBP
2047,FBMS
2048,FRBA
2049,BUSE
2050,FBIZ
2051,FCAP
2052,FCBP
2053,FCNCA
2054,FCBC
2055,FCCO
2056,FOR
2057,FORM
2058,FORR
2059,FRTA
2060,FTNT
2061,FTV
2062,FBIO
2063,FBHS
2064,FWRD
2065,FOSL
2066,FSTR
2067,FBM
2068,FCPT
2069,FOXA
2070,FOX
2071,FOXF
2072,FRG
2073,FC
2074,FELE
2075,FSB
2076,FRAF
2077,BEN
2078,FSP
2079,FI
2080,FCX
2081,FREQ
2082,FDP
2083,FRPT
2084,RESI
2085,FTDR
2086,FRO
2087,FRPH
2088,FSBW
2089,FCN
2090,FCEL
2091,FULC
2092,FLGT
2093,FULT
2094,FNKO
2095,FF
2096,FVCB
2097,GTHX
2098,GAIA
2099,GCAP
2100,GALT
2101,GRTX
2102,AJG
2103,GBL
2104,GIII
2105,GMED
2106,GLUU
2107,GLYC
2108,GMS
2109,GDDY
2110,GOGO
2111,GLNG
2112,GORO
2113,GDEN
2114,GS
2115,GDP
2116,GT
2117,GSHD
2118,GPRO
2119,GRC
2120,GOSS
2121,GPX
2122,GRA
2123,GGG
2124,EAF
2125,GHM
2126,GHC
2127,GWW
2128,LOPE
2129,GVA
2130,GPMT
2131,GPK
2132,GTN
2133,AJX
2134,GLDD
2135,GSBC
2136,GWB
2137,GRBK
2138,GDOT
2139,GPRE
2140,GBX
2141,GCBC
2142,GHL
2143,GNLN
2144,GLRE
2145,GSKY
2146,GEF
2147,GEF.B
2148,GDYN
2149,GRIF
2150,GFF
2151,GRTS
2152,GO
2153,GPI
2154,HCSG
2155,HTA
2156,HQY
2157,PEAK
2158,HSTM
2159,HTLD
2160,HTLF
2161,HL
2162,HEI.A
2163,HEI
2164,HSII
2165,HELE
2166,HLIO
2167,HLX
2168,HP
2169,HMTV
2170,JKHY
2171,HLF
2172,HRI
2173,HTBK
2174,HCCI
2175,HFWA
2176,HRTG
2177,MLHR
2178,HRTX
2179,HT
2180,HSY
2181,HTZ
2182,HSKA
2183,HES
2184,HPE
2185,HXL
2186,HFFG
2187,HIBB
2188,HIW
2189,HI
2190,HRC
2191,HTH
2192,HGV
2193,HLT
2194,HIFS
2195,HMSY
2196,HNI
2197,HFC
2198,HOLX
2199,HBCP
2200,HOMB
2201,HD
2202,HMST
2203,IIVI
2204,ITW
2205,ILMN
2206,IMRA
2207,IMAX
2208,IMMR
2209,IMUX
2210,IMGN
2211,IMMU
2212,IMVT
2213,PI
2214,INCY
2215,IHC
2216,IRT
2217,IBCP
2218,INDB
2219,IBTX
2220,ILPT
2221,INFN
2222,III
2223,INFU
2224,IR
2225,NGVT
2226,IMKTA
2227,INGR
2228,IOSP
2229,IIPR
2230,INVA
2231,INGN
2232,INOV
2233,INO
2234,IPHI
2235,INSG
2236,NSIT
2237,INSM
2238,NSP
2239,INSP
2240,IBP
2241,IIIN
2242,PODD
2243,ITGR
2244,IART
2245,INTC
2246,NTLA
2247,IDN
2248,INS
2249,IPAR
2250,IBKR
2251,ICPT
2252,JAZZ
2253,JBHT
2254,JBGS
2255,JEF
2256,JELD
2257,JCAP
2258,JBLU
2259,JBT
2260,JNJ
2261,JCI
2262,JOUT
2263,JLL
2264,JNCE
2265,JPM
2266,JNPR
2267,LRN
2268,KAI
2269,KDMN
2270,KALU
2271,KALA
2272,KLDO
2273,KALV
2274,KAMN
2275,KSU
2276,KAR
2277,KRTX
2278,KPTI
2279,KBH
2280,KBR
2281,KRNY
2282,K
2283,KELYA
2284,KMPR
2285,KMT
2286,KW
2287,KROS
2288,KDP
2289,KEY
2290,KEYS
2291,KZR
2292,KFRC
2293,KRC
2294,KE
2295,KBAL
2296,KMB
2297,KIM
2298,KMI
2299,KIN
2300,KNSA
2301,LEA
2302,LEGH
2303,LM
2304,LEG
2305,LDOS
2306,LMAT
2307,LC
2308,TREE
2309,LEN
2310,LEN.B
2311,LII
2312,LEVL
2313,LXRX
2314,LXP
2315,LGIH
2316,LHCG
2317,BATRA
2318,BATRK
2319,LBRDA
2320,LBRDK
2321,FWONA
2322,FWONK
2323,LILA
2324,LILAK
2325,LBRT
2326,LSXMA
2327,LSXMK
2328,LTRPA
2329,LSI
2330,LCUT
2331,LFVN
2332,LGND
2333,LLY
2334,LLNW
2335,LMST
2336,LMNR
2337,LECO
2338,LNC
2339,LIND
2340,LIN
2341,LNN
2342,LGF.A
2343,LGF.B
2344,LQDA
2345,LQDT
2346,LAD
2347,LFUS
2348,LIVN
2349,LYV
2350,MNK
2351,MANH
2352,MTW
2353,MNKD
2354,MAN
2355,MANT
2356,MRO
2357,MPC
2358,MMI
2359,MCS
2360,MPX
2361,HZO
2362,MRNS
2363,MKL
2364,MRKR
2365,MKTX
2366,MRLN
2367,MAR
2368,VAC
2369,MBII
2370,MMC
2371,MRTN
2372,MLM
2373,MRVL
2374,MAS
2375,MASI
2376,DOOR
2377,MTZ
2378,MHH
2379,MA
2380,MCFT
2381,MTDR
2382,MTCH
2383,MTRN
2384,MTRX
2385,MATX
2386,MAT
2387,MATW
2388,MLP
2389,MAXR
2390,MXIM
2391,MMS
2392,MXL
2393,MEC
2394,MBI
2395,MKC
2396,MCD
2397,MGRC
2398,MCK
2399,MOFG
2400,MLSS
2401,MLR
2402,MIME
2403,MTX
2404,NERV
2405,MRTX
2406,MIRM
2407,MSON
2408,MG
2409,MITK
2410,MKSI
2411,MMAC
2412,MINI
2413,MOBL
2414,MODN
2415,MRNA
2416,MOD
2417,MC
2418,MHK
2419,MTEM
2420,MOH
2421,TAP
2422,MNTA
2423,MCRI
2424,MDLZ
2425,MGI
2426,MDB
2427,MNR
2428,MPWR
2429,MNRO
2430,MNST
2431,MR
2432,MCO
2433,MOG.A
2434,MS
2435,MORN
2436,MORF
2437,MOS
2438,MPAA
2439,MSI
2440,MOV
2441,COOP
2442,MRC
2443,MSA
2444,MSM
2445,MSCI
2446,MSGN
2447,MTSC
2448,NEOG
2449,NEO
2450,NLTX
2451,NPTN
2452,NSCO
2453,NTAP
2454,NFLX
2455,NTGR
2456,NTCT
2457,NBSE
2458,NRBO
2459,NBIX
2460,NVRO
2461,NBEV
2462,NJR
2463,NEWR
2464,NRZ
2465,SNR
2466,NYCB
2467,NYMT
2468,NYT
2469,NWL
2470,NMRK
2471,NEU
2472,NEM
2473,NR
2474,NWSA
2475,NWS
2476,NXRT
2477,NXST
2478,NXTC
2479,NEXT
2480,NEE
2481,NXGN
2482,NEX
2483,NGM
2484,NODK
2485,EGOV
2486,NCBS
2487,NLSN
2488,NKE
2489,NI
2490,NL
2491,LASR
2492,NMIH
2493,NNBR
2494,NBL
2495,NDLS
2496,NAT
2497,ODFL
2498,ONB
2499,ORI
2500,OSBC
2501,OLN
2502,OLLI
2503,ZEUS
2504,OFLX
2505,OHI
2506,OMER
2507,OMCL
2508,OMC
2509,ON
2510,OCX
2511,OGS
2512,OLP
2513,OMF
2514,OKE
2515,OSPN
2516,OSW
2517,ONEW
2518,ONTO
2519,OOMA
2520,OPBK
2521,OPK
2522,OPRT
2523,OPY
2524,OPRX
2525,OPTN
2526,OPCH
2527,ORCL
2528,OSUR
2529,ORBC
2530,ORC
2531,ORGO
2532,ORGS
2533,ORIC
2534,OBNK
2535,OESX
2536,OEC
2537,ORA
2538,ORRF
2539,OFIX
2540,KIDS
2541,OSK
2542,OSIS
2543,OSMT
2544,OTIS
2545,OTTR
2546,PCTI
2547,PDCE
2548,PDFS
2549,PDLI
2550,PDLB
2551,BTU
2552,PGC
2553,PEB
2554,PEGA
2555,PTON
2556,PENN
2557,PVAC
2558,PNTG
2559,PWOD
2560,PFSI
2561,PMT
2562,PAG
2563,PNR
2564,PEN
2565,PEBO
2566,PEBK
2567,PFIS
2568,PBCT
2569,PUB
2570,PEP
2571,PRDO
2572,PRFT
2573,PFGC
2574,PKI
2575,PRGO
2576,PSNL
2577,PRSP
2578,PETQ
2579,PETS
2580,PFNX
2581,PFE
2582,PFSW
2583,PCG
2584,PGTI
2585,PHAS
2586,PHAT
2587,PAHC
2588,PM
2589,PSX
2590,PLAB
2591,PHR
2592,DOC
2593,PICO
2594,PDM
2595,TROW
2596,PSMT
2597,PNRG
2598,PRI
2599,PRMW
2600,PRIM
2601,PFG
2602,PRNB
2603,PRTH
2604,PRA
2605,PG
2606,PFHD
2607,PRGS
2608,PGR
2609,PGNY
2610,PLD
2611,PFPT
2612,PUMP
2613,PRO
2614,PROS
2615,PB
2616,PTGX
2617,TARA
2618,PTVCB
2619,PRTA
2620,PRLB
2621,PRVB
2622,PRSC
2623,PVBC
2624,PFS
2625,PROV
2626,PBIP
2627,PRU
2628,PSB
2629,PTC
2630,PTCT
2631,PSA
2632,PEG
2633,PLSE
2634,PHM
2635,PBYI
2636,PSTG
2637,PCYO
2638,PRPL
2639,PVH
2640,PZN
2641,QTWO
2642,QADA
2643,QCRH
2644,RWT
2645,RBC
2646,REG
2647,REGN
2648,RGNX
2649,RM
2650,RF
2651,RGS
2652,RGA
2653,RS
2654,RBNC
2655,RLMD
2656,RNR
2657,RNST
2658,REGI
2659,RCII
2660,RPAY
2661,RGEN
2662,REPL
2663,KRMD
2664,RBCAA
2665,FRBK
2666,RSG
2667,REFR
2668,REZI
2669,RMD
2670,RESN
2671,RGP
2672,ROIC
2673,RPAI
2674,RVI
2675,RVP
2676,RTRX
2677,REVG
2678,RVNC
2679,REV
2680,RVMD
2681,REX
2682,REXR
2683,RXN
2684,REYN
2685,RGCO
2686,RH
2687,RYTM
2688,RBBN
2689,RMBI
2690,RIGL
2691,RMNI
2692,RNG
2693,SANM
2694,SC
2695,SPNS
2696,SRPT
2697,STSA
2698,BFS
2699,SVRA
2700,SBFG
2701,SBBX
2702,SBAC
2703,SCSC
2704,HSIC
2705,SLB
2706,SNDR
2707,SCHN
2708,SRRK
2709,SCHL
2710,SDGR
2711,SCHW
2712,SWM
2713,SAIC
2714,SGMS
2715,SALT
2716,STNG
2717,SMG
2718,SCPH
2719,SSP
2720,SCU
2721,SEB
2722,SEAC
2723,SBCF
2724,CKH
2725,SEE
2726,SPNE
2727,SGEN
2728,SEAS
2729,SCWX
2730,SNFCA
2731,SEIC
2732,SLCT
2733,WTTR
2734,SEM
2735,SELB
2736,SIGI
2737,SRE
2738,SMTC
2739,SENEA
2740,ST
2741,SXT
2742,SLM
2743,SM
2744,SGH
2745,SMBK
2746,SMAR
2747,AOS
2748,SWBI
2749,SMSI
2750,SJM
2751,SNA
2752,SEDG
2753,SOI
2754,SWI
2755,SLNO
2756,SLDB
2757,SOLY
2758,SAH
2759,SON
2760,SONO
2761,SRNE
2762,SJI
2763,SPFI
2764,SSB
2765,SO
2766,SCCO
2767,SFST
2768,SMBC
2769,SONA
2770,SBSI
2771,LUV
2772,SWX
2773,SWN
2774,SP
2775,SPKE
2776,SPTN
2777,SPB
2778,SPPI
2779,SPRO
2780,SR
2781,SPR
2782,SAVE
2783,STXB
2784,SRC
2785,SPLK
2786,SPOK
2787,SPWH
2788,SPOT
2789,SWTX
2790,SPT
2791,SHO
2792,SMCI
2793,SGC
2794,SUPN
2795,SGRY
2796,SRDX
2797,STRO
2798,SIVB
2799,SVMK
2800,SWCH
2801,SWKH
2802,SYKE
2803,SYNA
2804,SNCR
2805,SYF
2806,SNDX
2807,SYNH
2808,SNX
2809,SNPS
2810,SNV
2811,SYRS
2812,SYY
2813,SYX
2814,TRHC
2815,TCMD
2816,TTWO
2817,TALO
2818,TNDM
2819,SKT
2820,TPR
2821,TRGP
2822,TGT
2823,TH
2824,TCO
2825,TMHC
2826,TCF
2827,TCRR
2828,AMTD
2829,TISI
2830,TTGT
2831,TGNA
2832,TRC
2833,TELA
2834,TDOC
2835,TDY
2836,TFX
2837,TNAV
2838,TDS
2839,TMUS
2840,BLD
2841,TTC
2842,TOWN
2843,TRTX
2844,TPIC
2845,TSCO
2846,TW
2847,TT
2848,TRNS
2849,TCI
2850,TDG
2851,TBIO
2852,TMDX
2853,RIG
2854,TRU
2855,TRV
2856,TREC
2857,TG
2858,THS
2859,TREX
2860,TPH
2861,TPCO
2862,TCDA
2863,TCBK
2864,TRS
2865,TRMB
2866,TNET
2867,TRN
2868,TSE
2869,TRIP
2870,GTS
2871,TSC
2872,TRTN
2873,TBK
2874,TGI
2875,TROX
2876,TBI
2877,TRUE
2878,TFC
2879,TRUP
2880,TRST
2881,TRMK
2882,TTEC
2883,TTMI
2884,TCX
2885,TUP
2886,TPB
2887,TPTX
2888,HEAR
2889,UNVR
2890,UVV
2891,OLED
2892,UEIC
2893,UHT
2894,UHS
2895,UVE
2896,ULH
2897,UTI
2898,UVSP
2899,UNM
2900,UPLD
2901,UPWK
2902,UEC
2903,UE
2904,URBN
2905,URGN
2906,UBA
2907,PRTS
2908,USB
2909,ECOL
2910,USFD
2911,USX
2912,USNA
2913,UTMD
2914,VFC
2915,MTN
2916,VLO
2917,VLY
2918,VMI
2919,VALU
2920,VVV
2921,VNDA
2922,VAPO
2923,VREX
2924,VAR
2925,VRNS
2926,VXRT
2927,VBIV
2928,VGR
2929,VEC
2930,VECO
2931,VEEV
2932,VTR
2933,VERO
2934,VRA
2935,VCYT
2936,VSTM
2937,VER
2938,VSEC
2939,VTVT
2940,VMC
2941,WPC
2942,WTI
2943,WNC
2944,WAB
2945,WDR
2946,WTRH
2947,WBA
2948,WD
2949,WMT
2950,HCC
2951,WAFD
2952,WRE
2953,WASH
2954,WM
2955,WAT
2956,WSBF
2957,WTRE
2958,WSO
2959,WTS
2960,WVE
2961,W
2962,WDFC
2963,WBS
2964,WEC
2965,WRI
2966,WMK
2967,WBT
2968,WFC
2969,WELL
2970,WERN
2971,WSBC
2972,WCC
2973,WTBA
2974,WST
2975,WABC
2976,WAL
2977,WMC
2978,WDC
2979,WNEB
2980,WU
2981,WLK
2982,WRK
2983,WHG
2984,WEX
2985,WEYS
2986,WY
2987,YETI
2988,YEXT
2989,YORW
2990,YUMC
2991,YUM
2992,ZBRA
2993,ZEN
2994,ZNTL
2995,ZG
2996,Z
2997,ZBH
2998,ZION
2999,ZIOP
3000,ZIXI
3001,ZTS
3002,ZGNX
3003,ZM
3004,ZS
3005,ZUMZ
3006,ZUO
3007,ZYXI
3008,ZNGA
3009,
3010,
3011,
3012,
3013,
3014,
3015,
3016,
3017,
3018,
3019,
3020,
3021,
3022,
3023,
3024,
3025,
3026,
3027,
3028,
3029,
3030,
3031,
3032,
3033,
3034,
3035,
