,0,1
0,10X GENOMICS,0001770787
1,1LIFE HEALTHCARE,0001404123
2,1ST CONSTITUTION BANCORP,0001141807
3,1ST SOURCE CORP,0001227807
4,3D SYSTEMS CORP,0000910638
5,3M CO,0000066740
6,89BIO,0001785173
7,AAON INC,0000824142
8,AAR CORP,0000001750
9,ABBOTT LABORATORIES,0000918392
10,ABBVIE INC,0001551152
11,ABEONA THERAPEUTICS INC,0000318306
12,ABERCROMBIE & FITCH,0001068737
13,ABIOMED INC,0000815094
14,ABM INDUSTRIES INC,0000771497
15,ACACIA COMMUNICATIONS,0001651235
16,ACACIA RESEARCH CORP,0000934549
17,ACADIA HEALTHCARE CO,0001520697
18,ACADIA PHARMACEUTICALS,0001070494
19,ACADIA REALTY TRUST,0000899629
20,ACCELERATE DIAGNOSTICS,0000727207
21,ACCELERON PHARMA INC,0001280600
22,ACCO BRANDS CORP,0000712034
23,ACCURAY INC,0001138723
24,ACELRX PHARMACEUTICALS,0001427925
25,ACNB CORP,0000715579
26,ACUITY BRANDS INC,0001144215
27,ACUSHNET HOLDINGS CORP,0001672013
28,ADAMS RESOURCES & ENERGY,0000002178
29,ADAPTHEALTH,0001725255
30,ADAPTIVE BIOTECHNOLOGIES,0001478320
31,ADDUS HOMECARE CORP,0001468328
32,ADIENT PLC,0001670541
33,ADOBE INC,0000796343
34,ADT INC,0001703056
35,ADTALEM GLOBAL EDUCATION,0000730464
36,ADTRAN INC,0000926282
37,ALEXANDER & BALDWIN INC,0001766585
38,ALEXANDERS INC,0000003499
39,ALEXANDRIA REAL ESTATE,0001542693
40,ALEXION PHARMACEUTICALS,0000899866
41,ALICO INC,0000003545
42,ALIGN TECHNOLOGY INC,0001097149
43,ALKERMES PLC,0001520262
44,ALLAKOS INC,0001564824
45,ALLEGHANY CORP,0000775368
46,ALLEGHENY TECHNOLOGIES,0001602701
47,ALLEGIANCE BANCSHARES,0001642081
48,ALLEGIANT TRAVEL CO,0001362468
49,ALLEGION PLC,0001579241
50,ALLETE INC,0000735180
51,ALLIANCE DATA SYSTEMS,0001101215
52,ALLIANT ENERGY CORP,0001081997
53,ALLIED MOTION TECH,0000046129
54,ALLISON TRANSMISSION,0001411207
55,ALLOGENE THERAPEUTICS,0001737287
56,ALLSCRIPTS HEALTHCARE,0001124804
57,ALLSTATE CORP,0000899051
58,ALNYLAM PHARMACEUTICALS,0001178670
59,ALPHA & OMEGA SEMICON,0001383681
60,ALPHA PRO TECH LTD,0000884269
61,ALPHATEC HOLDINGS,0001350653
62,ALPINE INCOME PROPERTY T,0001786117
63,ALTAIR ENGINEERING INC,0001701732
64,ALTICE USA,0001702780
65,ALTISOURCE PORTFOLIO,0001462418
66,ALTRA INDUSTRIAL MOTION,0001319916
67,ALTRIA GROUP INC,0000764180
68,AMAG PHARMACEUTICALS INC,0000792977
69,AMALGAMATED BANK,0001137604
70,AMAZON COM INC,0001018724
71,AMBARELLA INC,0001280263
72,AMC ENTERTAINMENT,0001032044
73,AMC NETWORKS INC,0001514991
74,AMCOR,0000869345
75,AMDOCS LTD,0001062579
76,AMEDISYS INC,0000896262
77,AMERCO,0001282035
78,ANSYS INC,0001013462
79,ANTARES PHARMA INC,0001016169
80,ANTERIX INC,0001304492
81,ANTERO MIDSTREAM CORP,0001623925
82,ANTERO RESOURCES CO,0001433270
83,ANTHEM INC,0001156039
84,ANWORTH MORTGAGE ASSET,0001047884
85,AON PLC,0001808065
86,APACHE CORP,0000734570
87,APELLIS PHARMACEUTICALS,0001492422
88,API GROUP,0001810610
89,APOGEE ENTERPRISES INC,0000006845
90,APOLLO COMMERCIAL RE,0001467760
91,APOLLO GLOBAL MANAGEMENT,0001411494
92,APOLLO MEDICAL HOLDINGS,0001083446
93,APPFOLIO INC,0001433195
94,APPIAN,0001025985
95,APPLE HOSPITALITY REIT,0001418121
96,APPLE INC,0000320193
97,APPLIED GENETIC TECH,0001273636
98,APPLIED INDUSTRIAL TECH,0000109563
99,APPLIED OPTOELECTRONICS,0001158114
100,APPLIED THERAPEUTICS INC,0001697532
101,APREA THERAPEUTICS,0001781983
102,APTARGROUP INC,0000896622
103,APTINYX INC,0001674365
104,APTIV PLC,0001521332
105,AQUESTIVE THERAPEUTICS,0001398733
106,ARAMARK,0001396770
107,ARBOR REALTY TRUST INC,0001253986
108,ARCHER DANIELS MIDLAND,0001621985
109,ARCOSA,0001739445
110,ARCTURUS THERAPEUTICS,0001573745
111,ARCUS BIOSCIENCES,0001724521
112,ARCUTIS BIOTHERAPEUTICS,0001787306
113,ARDMORE SHIPPING CORP,0001577437
114,ARENA PHARMACEUTICALS,0001080709
115,ATRICURE INC,0001141565
116,ATRION CORP,0000701288
117,AUTODESK INC,0000769397
118,AUTOMATIC DATA PROCESS,0000008670
119,AUTONATION INC,0000350698
120,AUTOZONE INC,0000866787
121,AVALARA INC,0001348036
122,AVALON GLOBOCARE CORP,0001630212
123,AVAYA HOLDINGS CORP,0001418100
124,AVENUE THERAPEUTICS,0001644963
125,AVEO PHARMACEUTICALS INC,0001325879
126,AVERY DENNISON CORP,0000008818
127,AVID TECHNOLOGY INC,0000896841
128,AVISTA CORP,0000104918
129,AVNET INC,0000008858
130,AXALTA COATING SYSTEMS,0001616862
131,AXCELIS TECHNOLOGIES INC,0001113232
132,AXCELLA HEALTH,0001633070
133,AXIS CAPITAL HOLDINGS,0001214816
134,AXONICS MODULATION TECH,0001603756
135,AXT INC,0001051627
136,AZZ INC,0000008947
137,B & G FOODS INC,0000009568
138,BADGER METER INC,0000009092
139,BALCHEM CORP,0000009326
140,BALL CORP,0001469975
141,BANCFIRST CORP,0000760498
142,BANCORP INC,0001258754
143,BANCORPSOUTH BANK,0001098251
144,BIODELIVERY SCIENCES,0001103021
145,BIOGEN INC,0000875045
146,BIOHAVEN PHARMACEUTICAL,0001689813
147,BIOLIFE SOLUTIONS INC,0000834365
148,BIOMARIN PHARMACEUTICAL,0001048477
149,BIOXCEL THERAPEUTICS,0001720893
150,BJS RESTAURANTS INC,0001013488
151,BLACK DIAMOND THERAPEUTI,0001701541
152,BLACK HILLS CORP,0001130464
153,BLACK KNIGHT,0001708048
154,BLACKBAUD INC,0001280058
155,BLACKROCK INC,0000832327
156,BLOCK H & R INC,0001598066
157,BLOOM ENERGY,0001461886
158,BLUE BIRD CORP,0001589526
159,BLUEGREEN VACATIONS CORP,0000778946
160,BLUEPRINT MEDICINES CORP,0001597264
161,BOEING CO,0000012927
162,BOGOTA FINANCIAL,0001799271
163,BOINGO WIRELESS INC,0001169988
164,BOK FINANCIAL CORP,0000875357
165,BOOKING HOLDINGS INC,0001075531
166,BOOT BARN HOLDINGS,0001610250
167,BOSTON OMAHA,0001494582
168,BOSTON PRIVATE FINANCIAL,0000821127
169,BOSTON PROPERTIES INC,0001037540
170,BOSTON SCIENTIFIC CO,0000885725
171,BOTTOMLINE TECHNOLOGIES,0001073349
172,BOX INC,0001372612
173,BOYD GAMING CORP,0000906553
174,BRADY CORP,0000746598
175,BRAINSTORM CELL THERA,0001137883
176,BRANDYWINE REALTY TRUST,0000790816
177,CADIZ INC,0000727273
178,CAESARSTONE LTD,0001504379
179,CAL MAINE FOODS INC,0000016160
180,CALAMP CORP,0000730255
181,CALAVO GROWERS INC,0001133470
182,CALEDONIA MINING CORP,0000766011
183,CALERES INC,0000014707
184,CALIFORNIA BANCORP,0001752036
185,CALIFORNIA RESOURCES,0001637864
186,CALITHERA BIOSCIENCES,0001496671
187,CALLAWAY GOLF CO,0000837465
188,CALYXT,0001705843
189,CAMBIUM NETWORKS CORP,0001738177
190,CAMBRIDGE BANCORP,0000711772
191,CAMDEN NATIONAL CORP,0000750686
192,CAMDEN PROPERTY TRUST,0000906345
193,CAMPBELL SOUP CO,0000016735
194,CAMPING WORLD HOLDINGS,0001669779
195,CANTEL MEDICAL CORP,0000019446
196,CAPITAL BANCORP INC,0001419536
197,CAPITAL CITY BANK GROUP,0000726601
198,CAPITAL ONE FINANCIAL,0001041736
199,CAPSTEAD MORTGAGE CORP,0000766701
200,CARA THERAPEUTICS INC,0001346830
201,CARDINAL HEALTH INC,0000721371
202,CARDTRONICS PLC,0001671013
203,CARLYLE GROUP INC,0001527166
204,CARMAX INC,0001170010
205,CARNIVAL CORP,0000815097
206,CARPENTER TECHNOLOGY,0000017843
207,CARRIAGE SERVICES INC,0001016281
208,CARRIER GLOBAL,0001783180
209,CARS.COM,0001683606
210,CERUS CORP,0001020214
211,CEVA INC,0001173489
212,CF INDUSTRIES HOLDINGS,0001324404
213,CHANGE HEALTHCARE INC,0001756497
214,CHANNELADVISOR CORP,0001169652
215,CHART INDUSTRIES INC,0000892553
216,CHASE CORP,0000830524
217,CHATHAM LODGING TR,0001476045
218,CHECKPOINT THERAPEUTICS,0001651407
219,CHEESECAKE FACTORY INC,0000887596
220,CHEGG INC,0001364954
221,CHEMBIO DIAGNOSTICS INC,0001092662
222,CHEMOCENTRYX INC,0001135796
223,CHENIERE ENERGY INC,0000003570
224,CHERRY HILL MORTGAGE INV,0001571776
225,CHESAPEAKE ENERGY CORP,0000895126
226,CHESAPEAKE UTILITIES,0000019745
227,CHEVRON CORP,0000868358
228,CHIASMA INC,0001339469
229,CHICOS FAS INC,0000897429
230,CHIMERA INVESTMENT CORP,0001409493
231,CHIMERIX INC,0001117480
232,CHIPOTLE MEXICAN GRILL,0001058090
233,CHOICEONE FINANCIAL SERV,0001719135
234,CHROMADEX CORP,0001386570
235,CHURCH & DWIGHT INC,0001064537
236,CHURCHILL DOWNS INC,0000020212
237,CIENA CORP,0000936395
238,CIGNA CORP,0001739940
239,CIM COMMERCIAL TRUST,0000908311
240,CIMAREX ENERGY CO,0001396110
241,CIMPRESS PLC,0001262976
242,CINCINNATI BELL INC,0000716133
243,CINCINNATI FINANCIAL,0000734611
244,CINEMARK HOLDINGS INC,0001379765
245,CINTAS CORP,0001520008
246,CIRCOR INTERNATIONAL INC,0001091883
247,COLLECTORS UNIVERSE INC,0001089143
248,COLLEGIUM PHARMACEUTICAL,0001267565
249,COLONY BANKCORP INC,0000711669
250,COLUMBIA SPORTSWEAR CO,0001050797
251,COLUMBUS MCKINNON CORP,0001005229
252,COMERICA INC,0000028412
253,COMFORT SYSTEMS USA INC,0001035983
254,COMMERCE BANCSHARES INC,0000022356
255,COMMERCIAL METALS CO,0000022444
256,COMMSCOPE HOLDING CO,0001517228
257,COMMUNITY BANKERS TRUST,0001323648
258,COMMUNITY HEALTH SYSTEMS,0001412824
259,COMMUNITY HEALTHCARE TR,0001631569
260,COMMUNITY TRUST BANCORP,0000350852
261,COMMVAULT SYSTEMS INC,0001169561
262,COMPUTER PROGRAMS & SYS,0001169445
263,COMPX INTERNATIONAL INC,0001049606
264,COMSTOCK RESOURCES INC,0000023194
265,COMTECH TELECOMM,0000023197
266,CONAGRA BRANDS INC,0000023217
267,CONCERT PHARMACEUTICALS,0001367920
268,CONCHO RESOURCES INC,0001358071
269,CONCRETE PUMPING,0001703956
270,CONDUENT INC,0001677703
271,CONMED CORP,0000816956
272,CONNS INC,0001223389
273,CONOCOPHILLIPS,0001066806
274,CONSOL ENERGY INC,0001710366
275,CONSOLIDATED COMM,0001571209
276,CONSOLIDATED EDISON INC,0001103782
277,CONSOLIDATED WATER CO,0000928340
278,CONSTELLATION BRANDS,0000928683
279,CONSTELLATION PHARMA,0001434418
280,CONSTRUCTION PARTNERS,0001718227
281,CONTANGO OIL & GAS CO,0001071993
282,CONTINENTAL RESOURCES,0000732834
283,CONTRAFECT CORP,0001478069
284,COOPER COMPANIES INC,0000711404
285,CSX CORP,0000277948
286,CTO REALTY GROWTH INC,0000023795
287,CTS CORP,0000026058
288,CUBESMART,0001300485
289,CUBIC CORP,0000026076
290,CULLEN FROST BANKERS,0000039263
291,CUMMINS INC,0000026172
292,CURO GROUP HOLDINGS CORP,0001711291
293,CURTISS WRIGHT CORP,0000026324
294,CUSHMAN & WAKEFIELD PLC,0001179669
295,CUTERA INC,0001162461
296,CVB FINANCIAL CORP,0000354647
297,CVR ENERGY INC,0001376139
298,CYBEROPTICS CORP,0000768411
299,CYCLERION THERAPEUTICS,0001755237
300,CYRUSONE INC,0001553023
301,CYTOKINETICS INC,0001061983
302,CYTOSORBENTS CORP,0001175151
303,D R HORTON INC,0001136979
304,DAILY JOURNAL CORP,0000783412
305,DAKTRONICS INC,0000915779
306,DANAHER CORP,0000313616
307,DARDEN RESTAURANTS INC,0000940944
308,DARLING INGREDIENTS INC,0000916540
309,DASAN ZHONE SOLUTIONS,0001101680
310,DATADOG,0001561550
311,DAVE & BUSTERS ENTMT INC,0001272190
312,DAVITA INC,0000927066
313,DECIPHERA PHARMACEUTICAL,0001654151
314,DECKERS OUTDOOR CORP,0000910521
315,DEERE & CO,0001445592
316,DELL TECHNOLOGIES,0001571996
317,DELMAR BANCORP,0000832090
318,DELTA AIR LINES INC,0000027904
319,DELUXE CORP,0001200788
320,DENALI THERAPEUTICS INC,0001714899
321,DENNYS CORP,0000852772
322,DENTSPLY SIRONA INC,0000818479
323,DESIGNER BRANDS INC,0001319947
324,DUKE REALTY CORP,0000783280
325,DULUTH HOLDINGS INC,0001649744
326,DURECT CORP,0001082038
327,DXP ENTERPRISES INC,0001020710
328,DYADIC INTERNATIONAL,0001213809
329,DYCOM INDUSTRIES INC,0000067215
330,DYNAVAX TECHNOLOGIES,0001029142
331,DYNEX CAPITAL INC,0000826675
332,E TRADE FINANCIAL CORP,0001015780
333,EAGLE BANCORP INC,0000865792
334,EAGLE BULK SHIPPING INC,0001322439
335,EAGLE MATERIALS INC,0000918646
336,EAGLE PHARMACEUTICALS,0000827871
337,EARTHSTONE ENERGY INC,0000010254
338,EAST WEST BANCORP INC,0001069157
339,EASTERN CO,0001256213
340,EASTGROUP PROPERTIES INC,0000049600
341,EASTMAN CHEMICAL CO,0000915377
342,EASTMAN KODAK CO,0000031235
343,EATON CORP PLC,0001551182
344,EATON VANCE CORP,0000350797
345,EBAY INC,0001065088
346,EBIX INC,0000814549
347,ECHO GLOBAL LOGISTICS,0001426945
348,ECHOSTAR CORP,0001415404
349,ECOLAB INC,0000031462
350,EDGEWELL PERSONAL CARE,0001096752
351,EDISON INTERNATIONAL,0000354044
352,EDWARDS LIFESCIENCES,0001767918
353,EIDOS THERAPEUTICS,0001731831
354,EIGER BIOPHARMACEUTICALS,0001305253
355,EL PASO ELECTRIC CO,0000031978
356,ELANCO ANIMAL HEALTH,0001739104
357,ELASTIC N.V.,0001707753
358,ELECTROMED INC,0001173005
359,ELECTRONIC ARTS INC,0000712515
360,EQUITY LIFESTYLE PROP,0000895417
361,EQUITY RESIDENTIAL,0000778875
362,ERIE INDEMNITY CO,0000922621
363,ESCALADE INC,0000033488
364,ESCO TECHNOLOGIES INC,0000866706
365,ESPERION THERAPEUTICS,0001434868
366,ESSENT GROUP LTD,0001448893
367,ESSENTIAL PROPERTIES,0001728951
368,ESSEX PROPERTY TRUST INC,0000920522
369,ESTEE LAUDER COMPANIES,0001001250
370,ETHAN ALLEN INTERIORS,0000896156
371,ETON PHARMACEUTICALS,0001710340
372,ETSY INC,0001370637
373,EURONET WORLDWIDE INC,0001029199
374,EVANS BANCORP INC,0000842518
375,EVELO BIOSCIENCES,0001694665
376,EVENTBRITE,0001475115
377,EVERCORE INC,0001360901
378,EVEREST RE GROUP LTD,0001095073
379,EVERI HOLDINGS INC,0001318568
380,EVERQUOTE,0001640428
381,EVERSOURCE ENERGY,0000072741
382,EVI INDUSTRIES,0000065312
383,EVOLUTION PETROLEUM CORP,0001006655
384,EVOQUA WATER TECH,0001604643
385,EXACT SCIENCES CORP,0001124140
386,EXAGEN,0001274737
387,EXELIXIS INC,0000939767
388,EXELON CORP,0001109357
389,EXICURE,0001698530
390,EXP WORLD HOLDINGS,0001495932
391,EXPONENT INC,0000851520
392,EXTENDED STAY AMERICA,0001581164
393,FIRST FINANCIAL BANCORP,0000779633
394,FIRST FINANCIAL CORP,0000870992
395,FIRST GUARANTY BANCSHARE,0001408534
396,FIRST HAWAIIAN INC,0000036377
397,FIRST INTERNET BANCORP,0001562463
398,FIRST MERCHANTS CORP,0000712534
399,FIRST MIDWEST BANCORP,0000702325
400,FIRST NORTHWEST BANCORP,0001556727
401,FIRST SAVINGS FINANCIAL,0001435508
402,FIRST UNITED CORP,0000763907
403,FIRST WESTERN FINANCIAL,0001333839
404,FIRSTENERGY CORP,0001031296
405,FISERV INC,0000798354
406,FITBIT INC,0001447599
407,FIVE BELOW,0001177609
408,FIVE PRIME THERAPEUTICS,0001175505
409,FIVE STAR SENIOR LIVING,0001159281
410,FLAGSTAR BANCORP INC,0001033012
411,FLEETCOR TECHNOLOGIES,0001175454
412,FLEXION THERAPEUTICS INC,0001419600
413,FLIR SYSTEMS INC,0000354908
414,FLOOR & DECOR HOLDINGS,0001815636
415,FLOWERS FOODS INC,0001128928
416,FLOWSERVE CORP,0000030625
417,FLUIDIGM CORP,0001162194
418,FLUOR CORP,0000037748
419,FLUSHING FINANCIAL CORP,0000923139
420,FMC CORP,0000037785
421,FNB CORP,0000764811
422,FOCUS FINANCIAL PARTNERS,0001351675
423,FONAR CORP,0000355019
424,FOOT LOCKER INC,0000850209
425,FORD MOTOR CO,0001749693
426,FORESCOUT TECHNOLOGIES,0001145057
427,GAMESTOP CORP,0001326380
428,GAN,0001385853
429,GAP INC,0000039911
430,GARMIN LTD,0001121788
431,GARTNER INC,0000749251
432,GATES INDUSTRIAL CORP,0001718512
433,GATX CORP,0000040211
434,GCP APPLIED TECHNOLOGIES,0001644440
435,GENASYS INC,0000924383
436,GENCO SHIPPING & TRADING,0001326200
437,GENCOR INDUSTRIES INC,0000064472
438,GENERAC HOLDINGS INC,0001474735
439,GENERAL DYNAMICS CORP,0000040533
440,GENERAL ELECTRIC CO,0000040545
441,GENERAL FINANCE CORP,0001342287
442,GENERAL MILLS INC,0000040704
443,GENESCO INC,0000018498
444,GENIE ENERGY LTD,0001528356
445,GENPACT LTD,0001398659
446,GENTEX CORP,0000355811
447,GENTHERM INC,0000903129
448,GENUINE PARTS CO,0001078617
449,GENWORTH FINANCIAL INC,0001276520
450,GEO GROUP INC,0000923796
451,GERMAN AMERICAN BANCORP,0000714395
452,GERON CORP,0000886744
453,GETTY REALTY CORP,0001052752
454,GILEAD SCIENCES INC,0000882095
455,GLACIER BANCORP INC,0001060330
456,GLADSTONE COMMERCIAL,0001234006
457,GLATFELTER,0001368945
458,GLOBAL BLOOD THERA,0001629137
459,GLOBAL INDEMNITY LTD,0001494904
460,GLOBAL MEDICAL REIT INC,0001533615
461,GLOBAL PAYMENTS INC,0001123360
462,GLOBAL WATER RESOURCES,0001434728
463,GLOBALSCAPE INC,0001112920
464,GLOBE LIFE INC,0000320335
465,GROWGENERATION,0001604868
466,GRUBHUB INC,0001594109
467,GSI TECHNOLOGY,0001126741
468,GTY TECHNOLOGY HOLDINGS,0001682325
469,GUARANTY BANCSHARES INC,0001079557
470,GUARDANT HEALTH,0001576280
471,GUESS INC,0000912463
472,GULFPORT ENERGY CORP,0000874499
473,H&E EQUIPMENT SERVICES,0001651766
474,HAEMONETICS CORP,0000313143
475,HAIN CELESTIAL GROUP,0000910406
476,HALLIBURTON CO,0000045012
477,HALOZYME THERAPEUTICS,0001159036
478,HAMILTON BEACH BRANDS,0001709164
479,HAMILTON LANE INC,0001433642
480,HANCOCK WHITNEY CORP,0000750577
481,HANMI FINANCIAL CORP,0001109242
482,HANNON ARMSTRONG SUSTAIN,0001561894
483,HANOVER INSURANCE GROUP,0000944695
484,HARLEY DAVIDSON INC,0000793952
485,HARMONIC INC,0000851310
486,HARPOON THERAPEUTICS,0001708493
487,HARSCO CORP,0000045876
488,HARVARD BIOSCIENCE INC,0001123494
489,HASBRO INC,0000046080
490,HAWAIIAN HOLDINGS INC,0001172222
491,HAWKINS INC,0001247664
492,HAYNES INTERNATIONAL INC,0000858655
493,HBT FINANCIAL,0000775215
494,HEALTHCARE REALTY TRUST,0000899749
495,HOMOLOGY MEDICINES,0001661998
496,HONEYWELL INTERNATIONAL,0000773840
497,HOOKER FURNITURE CORP,0001220956
498,HOOKIPA PHARMA,0001760542
499,HOPE BANCORP INC,0001128361
500,HORACE MANN EDUCATORS,0000850141
501,HORIZON BANCORP INC,0001379368
502,HORMEL FOODS CORP,0000048465
503,HOST HOTELS & RESORTS,0001070750
504,HOUGHTON MIFFLIN HARCOUR,0001580156
505,HOWARD BANCORP INC,0001390162
506,HOWARD HUGHES CORP,0001498828
507,HOWMET AEROSPACE INC,0000004281
508,HP INC,0000047217
509,HUB GROUP INC,0000940942
510,HUBBELL INC,0000048898
511,HUBSPOT INC,0001404655
512,HUDSON LTD,0001714368
513,HUMANA INC,0000049071
514,HUNTINGTON BANCSHARES,0000049196
515,HUNTINGTON INGALLS IND,0001501585
516,HUNTSMAN CORP,0000918763
517,HURCO COMPANIES INC,0000315374
518,HURON CONSULTING GROUP,0001289848
519,HYATT HOTELS CORP,0001468174
520,HYSTER-YALE MATERIALS,0001173514
521,IAA,0000275276
522,IBERIABANK CORP,0000933141
523,IBIO,0001465162
524,ICAD INC,0000827198
525,ICU MEDICAL INC,0000883984
526,IDACORP INC,0001075493
527,IDEX CORP,0000832101
528,IDT CORP,0001005731
529,IGM BIOSCIENCES,0001496323
530,IHEARTMEDIA,0001400891
531,IHS MARKIT LTD,0001598014
532,INTERCONTINENTAL EXCH,0001571949
533,INTERDIGITAL INC,0000354913
534,INTERFACE INC,0000715787
535,INTERNATIONAL BANCSHARES,0000315709
536,INTERNATIONAL GAME TECH,0001619762
537,INTERNATIONAL MONEY EXP,0001683695
538,INTERNATIONAL PAPER CO,0000051434
539,INTERNATIONAL SEAWAYS,0001679049
540,INTEVAC INC,0001001902
541,INTL FCSTONE INC,0000913760
542,INTRA CELLULAR THERAPIES,0001176407
543,INTRICON CORP,0000088790
544,INTUIT,0001484074
545,INTUITIVE SURGICAL INC,0001035267
546,INVACARE CORP,0000742112
547,INVESCO LTD,0000914208
548,INVESCO MORTGAGE CAP,0001437071
549,INVESTAR HOLDING CORP,0001602658
550,INVESTORS BANCORP INC,0001326807
551,INVESTORS REAL ESTATE TR,0001136830
552,INVESTORS TITLE CO,0000720858
553,INVITATION HOMES INC,0001687229
554,IONIS PHARMACEUTICALS,0000874015
555,IOVANCE BIOTHERAPEUTICS,0001425205
556,IPG PHOTONICS CORP,0001111928
557,IQVIA HOLDINGS INC,0001478242
558,IRHYTHM TECHNOLOGIES INC,0001388658
559,IRIDIUM COMMUNICATIONS,0001418819
560,IROBOT CORP,0001159167
561,IRON MOUNTAIN INC,0001004317
562,IRONWOOD PHARMACEUTICALS,0001446847
563,ISTAR INC,0001095651
564,ITERIS INC,0001101175
565,ITRON INC,0000780571
566,ITT INC,0000216228
567,IVERIC BIO,0001410939
568,J & J SNACK FOODS CO,0001265395
569,JABIL INC,0000898293
570,JACK IN THE BOX INC,0000807882
571,KINSALE CAPITAL GROUP,0001468202
572,KIRBY CORP,0000056047
573,KITE REALTY GROUP TRUST,0001286043
574,KKR & CO INC,0001817326
575,KKR REAL ESTATE FINANCE,0001631596
576,KNIGHT-SWIFT TRANSPORT,0001492691
577,KNOLL INC,0001011570
578,KODIAK SCIENCES,0001344295
579,KOHLS CORP,0000885639
580,KONTOOR BRANDS,0001760965
581,KOPPERS HOLDINGS INC,0001315257
582,KORN FERRY,0000056679
583,KOSMOS ENERGY LTD,0001509991
584,KRATOS DEFENSE & SEC SOL,0001069258
585,KROGER CO,0001092218
586,KRONOS WORLDWIDE INC,0001257640
587,KRYSTAL BIOTECH,0001711279
588,KVH INDUSTRIES INC,0001007587
589,L3HARRIS TECHNOLOGIES,0000202058
590,LA JOLLA PHARMACEUTICAL,0001820670
591,LABORATORY CORP OF AMER,0000920148
592,LADDER CAPITAL CORP,0001577670
593,LAKELAND BANCORP INC,0000846901
594,LAKELAND FINANCIAL CORP,0000721994
595,LAKELAND INDUSTRIES INC,0000798081
596,LAM RESEARCH CORP,0000707549
597,LAMAR ADVERTISING CO,0001090425
598,LAMB WESTON HOLDINGS,0001679273
599,LANCASTER COLONY CORP,0000057515
600,LANDEC CORP,0001005286
601,LANDMARK BANCORP INC,0001141688
602,LANDS END INC,0000799288
603,LANNETT CO INC,0000057725
604,LAS VEGAS SANDS CORP,0001300514
605,LATTICE SEMICONDUCTOR,0000855658
606,LAWSON PRODUCTS INC,0000058086
607,LAZARD LTD,0001311370
608,LCI INDUSTRIES,0000763744
609,LCNB CORP,0001074902
610,LIVENT,0001531247
611,LIVEPERSON INC,0001102993
612,LIVEXLIVE MEDIA,0001491419
613,LKQ CORP,0001065696
614,LOCKHEED MARTIN CORP,0000936468
615,LOEWS CORP,0000060086
616,LOGICBIO THERAPEUTICS,0001664106
617,LORAL SPACE & COMM,0001006269
618,LOUISIANA PACIFIC CORP,0000060519
619,LOVESAC CO,0001175292
620,LPL FINANCIAL HOLDINGS,0001397911
621,LSI INDUSTRIES INC,0000763532
622,LTC PROPERTIES INC,0000887905
623,LULULEMON ATHLETICA INC,0001397187
624,LUMENTUM HOLDINGS INC,0001633978
625,LUMINEX CORP,0001033905
626,LUNA INNOVATIONS INC,0001239819
627,LUTHER BURBANK CORP,0001475348
628,LUXFER HOLDINGS,0001096056
629,LYDALL INC,0000060977
630,LYFT,0001250148
631,LYRA THERAPEUTICS,0001327273
632,M & T BANK CORP,0000046624
633,MACATAWA BANK CORP,0001053584
634,MACERICH CO,0000912242
635,MACK CALI REALTY CORP,0000924901
636,MACQUARIE INFRASTRUCTURE,0001798259
637,MACROGENICS INC,0001125345
638,MADDEN STEVEN LTD,0000913241
639,MADISON SQUARE GARDEN EN,0001795250
640,MADRIGAL PHARMACEUTICALS,0001157601
641,MAGELLAN HEALTH INC,0000019411
642,MAGNOLIA OIL & GAS (A),0001698990
643,MAINSTREET BANCSHARES,0001693577
644,MAJESCO,0001145345
645,MDC HOLDINGS INC,0000773141
646,MDU RESOURCES GROUP INC,0000067716
647,MEDALLIA INC,0001540184
648,MEDICAL PROPERTIES TRUST,0001540936
649,MEDICINOVA INC,0001226616
650,MEDIFAST INC,0000910329
651,MEDTRONIC PLC,0001613103
652,MEIRAGTX HOLDINGS PLC,0001735438
653,MENLO THERAPEUTICS INC,0001566044
654,MERCANTILE BANK CORP,0001042729
655,MERCHANTS BANCORP,0001024724
656,MERCK & CO INC,0001541284
657,MERCURY GENERAL CORP,0000064996
658,MERCURY SYSTEMS INC,0001049521
659,MEREDITH CORP,0000065011
660,MERIDIAN BANCORP INC,0000723916
661,MERIDIAN BIOSCIENCE INC,0000794172
662,MERITAGE HOMES CORP,0000833079
663,MERITOR INC,0001113256
664,MERSANA THERAPEUTICS,0001442836
665,MESA AIR GROUP INC,0000810332
666,META FINANCIAL GROUP INC,0000907471
667,METLIFE INC,0001099219
668,METROCITY BANKSHARES,0001747068
669,METROPOLITAN BANK HOLDIN,0001476034
670,MGE ENERGY INC,0001161728
671,MGIC INVESTMENT CORP,0000876437
672,MGP INGREDIENTS INC,0000835011
673,MICROCHIP TECHNOLOGY,0000827054
674,MICRON TECHNOLOGY INC,0000723125
675,MICROSOFT CORP,0000789019
676,MICROSTRATEGY INC,0001050446
677,MID PENN BANCORP INC,0000879635
678,MIDDLEBY CORP,0000769520
679,MIDDLEFIELD BANC CORP,0000836147
680,MIDDLESEX WATER CO,0000066004
681,MIDLAND STATES BANCORP,0001466026
682,MUELLER INDUSTRIES INC,0000089439
683,MURPHY OIL CORP,0000717423
684,MURPHY USA INC,0001573516
685,MUSTANG BIO,0001680048
686,MVB FINANCIAL CORP,0001277902
687,MYERS INDUSTRIES INC,0000069488
688,MYOKARDIA INC,0001552451
689,MYR GROUP INC,0000700923
690,MYRIAD GENETICS INC,0000899923
691,NABORS INDUSTRIES LTD,0001163739
692,NACCO INDUSTRIES INC,0000789933
693,NATHANS FAMOUS INC,0000069733
694,NATIONAL BANK HOLDINGS,0001475841
695,NATIONAL BANKSHARES INC,0000796534
696,NATIONAL BEVERAGE CORP,0000069891
697,NATIONAL ENERGY SERVICES,0001415998
698,NATIONAL FUEL GAS CO,0000070145
699,NATIONAL HEALTHCARE CORP,0001047335
700,NATIONAL OILWELL VARCO,0001021860
701,NATIONAL RESEARCH CORP,0000070487
702,NATIONAL STORAGE AFFIL,0001618563
703,NATIONAL VISION HOLDINGS,0001710155
704,NATIONAL WESTERN LIFE,0001128201
705,NATUS MEDICAL INC,0000878526
706,NBT BANCORP INC,0000790359
707,NCR CORP,0000070866
708,NEENAH INC,0001296435
709,NEKTAR THERAPEUTICS,0000906709
710,NELNET INC,0001258602
711,NEMAURA MEDICAL INC,0001602078
712,NORDSON CORP,0000072331
713,NORDSTROM INC,0000072333
714,NORFOLK SOUTHERN CORP,0000738347
715,NORTHERN TRUST CORP,0000827130
716,NORTHFIELD BANCORP INC,0001076591
717,NORTHRIM BANCORP INC,0001163370
718,NORTHROP GRUMMAN CORP,0001133421
719,NORTHWEST PIPE CO,0001001385
720,NORTHWESTERN CORP,0000831180
721,NORTONLIFELOCK INC,0000849399
722,NORWEGIAN CRUISE LINE,0001513761
723,NORWOOD FINANCIAL CORP,0001013272
724,NOVAGOLD RESOURCES INC,0001173420
725,NOVANTA INC,0001076930
726,NOVAVAX INC,0001000694
727,NOVOCURE LTD,0001645113
728,NOW INC,0001599617
729,NRG ENERGY INC,0001013871
730,NU SKIN ENTERPRISES,0001021561
731,NUANCE COMMUNICATIONS,0001002517
732,NUCOR CORP,0000073309
733,NUVASIVE INC,0001142596
734,NVE CORP,0000724910
735,NVENT ELECTRIC PLC,0001720635
736,NVIDIA CORP,0001045810
737,NVR INC,0000906163
738,NYMOX PHARMACEUTICAL,0001018735
739,O REILLY AUTOMOTIVE INC,0000898173
740,OAK VALLEY BANCORP,0001431567
741,OCEANFIRST FINANCIAL,0001004702
742,OCONEE FEDERAL FINANCIAL,0001501078
743,OFFICE DEPOT INC,0000800240
744,OFG BANCORP,0001030469
745,OGE ENERGY CORP,0001021635
746,O-I GLASS,0000812074
747,OIL DRI CORP OF AMERICA,0000074046
748,OIL STATES INTERNATIONAL,0001121484
749,OUTFRONT MEDIA INC,0001579877
750,OVERSTOCK COM INC,0001130713
751,OVID THERAPEUTICS INC,0001636651
752,OVINTIV INC,0001792580
753,OWENS & MINOR INC,0001709529
754,OWENS CORNING,0001383533
755,OXFORD INDUSTRIES INC,0000075288
756,OYSTER POINT PHARMA,0001720725
757,PACCAR INC,0000075362
758,PACIFIC PREMIER BANCORP,0001028918
759,PACIRA BIOSCIENCES,0001396814
760,PACKAGING CORP OF AMER,0000075677
761,PACWEST BANCORP,0001102112
762,PAGERDUTY,0001568100
763,PALO ALTO NETWORKS INC,0001327567
764,PALOMAR HOLDINGS,0001761312
765,PAPA JOHNS INTERNATIONAL,0000901491
766,PAR TECHNOLOGY CORP,0000708821
767,PARATEK PHARMACEUTICALS,0001178711
768,PARK AEROSPACE CORP,0000076267
769,PARK CITY GROUP INC,0000050471
770,PARK HOTELS & RESORTS,0001617406
771,PARK NATIONAL CORP,0000805676
772,PARK OHIO HOLDINGS CORP,0000076282
773,PARKER HANNIFIN CORP,0000076334
774,PARSONS,0001509319
775,PASSAGE BIO,0001787297
776,PATTERSON UTI ENERGY,0000889900
777,PAVMED INC,0001624326
778,PAYCHEX INC,0000723531
779,PBF ENERGY INC,0001534504
780,PCB BANCORP,0001016467
781,PCSB FINANCIAL CORP,0001691337
782,PIERIS PHARMACEUTICALS,0001583648
783,PILGRIMS PRIDE CORP,0000802481
784,PING IDENTITY HOLDING,0001679826
785,PINNACLE FINANCIAL,0000853461
786,PINNACLE WEST CAPITAL CO,0000772527
787,PINTEREST,0001506293
788,PIONEER BANCORP INC,0001453897
789,PIPER SANDLER COMPANIES,0001230245
790,PITNEY BOWES INC,0000078814
791,PIXELWORKS INC,0001040161
792,PJT PARTNERS INC,0001626115
793,PLANTRONICS INC,0000914025
794,PLEXUS CORP,0001033649
795,PLUG POWER INC,0001093691
796,PLUMAS BANCORP,0001168455
797,PLYMOUTH INDUSTRIAL REIT,0001515816
798,PNM RESOURCES INC,0000735250
799,POLARIS INC,0000931015
800,POLYONE CORP,0001122976
801,POOL CORP,0000945841
802,POPULAR INC,0000763901
803,PORTOLA PHARMACEUTICALS,0001269021
804,POTLATCHDELTIC CORP,0001338749
805,POWELL INDUSTRIES INC,0000080420
806,POWER INTEGRATIONS INC,0000833640
807,PPD,0001691445
808,PPG INDUSTRIES INC,0000079879
809,PPL CORP,0000922224
810,PQ GROUP HOLDINGS INC,0001708035
811,PRA GROUP INC,0001185348
812,PRECISION BIOSCIENCES,0001357874
813,PREFERRED BANK,0001492165
814,PREFORMED LINE PRODUCTS,0000080035
815,PREMIER FINANCIAL CORP,0000946647
816,PRESTIGE CONSUMER HEALTH,0001295947
817,PREVAIL THERAPEUTICS INC,0001714798
818,QIAGEN NV,0001451276
819,QUAKER CHEMICAL CORP,0000081362
820,QUALCOMM INC,0000804328
821,QUALYS INC,0001107843
822,QUANEX BUILDING PRODUCTS,0001432753
823,QUANTA SERVICES INC,0001170026
824,QUANTUM CORP,0001263348
825,QUEST DIAGNOSTICS INC,0001027505
826,QUIDEL CORP,0000353569
827,QUOTIENT TECHNOLOGY INC,0001115128
828,R1 RCM INC,0001472595
829,RADIAN GROUP INC,0000890926
830,RADIANT LOGISTICS INC,0001350146
831,RADIUS HEALTH INC,0001315443
832,RAFAEL HOLDINGS,0001713863
833,RALPH LAUREN CORP,0001037038
834,RAMBUS INC,0000917273
835,RANGE RESOURCES CORP,0000315852
836,RAPID7 INC,0001560327
837,RAPT THERAPEUTICS,0001673772
838,RAVEN INDUSTRIES INC,0001060981
839,RAYMOND JAMES FINANCIAL,0000052021
840,RAYONIER INC,0000052827
841,RAYTHEON TECHNOLOGIES CO,0000101829
842,RBB BANCORP,0001499422
843,RBC BEARINGS INC,0001324948
844,READY CAPITAL CORP,0001527590
845,REALOGY HOLDINGS CORP,0001398987
846,REALPAGE INC,0001286225
847,REALTY INCOME CORP,0000726728
848,RED RIVER BANCSHARES,0001071236
849,RED ROBIN GOURMET BURGER,0001171759
850,RED VIOLET,0001720116
851,REDFIN CORP,0001382821
852,RITE AID CORP,0000084129
853,RIVERVIEW BANCORP INC,0001303582
854,RLI CORP,0000900785
855,RLJ LODGING TR,0001511337
856,RMR GROUP INC,0001644378
857,ROCKET PHARMACEUTICALS,0001281895
858,ROCKWELL AUTOMATION INC,0001024478
859,ROGERS CORP,0000084748
860,ROKU INC,0001428439
861,ROLLINS INC,0000084839
862,ROPER TECHNOLOGIES INC,0000882835
863,ROSETTA STONE INC,0001351285
864,ROSS STORES INC,0000745732
865,ROYAL CARIBBEAN CRUISES,0000884887
866,ROYAL GOLD INC,0000085535
867,RPC INC,0000742278
868,RPM INTERNATIONAL INC,0000110621
869,RPT REALTY,0000842183
870,RTI SURGICAL HOLDINGS,0001760173
871,RUBIUS THERAPEUTICS,0001709401
872,RUSH ENTERPRISES INC,0001012019
873,RYDER SYSTEM INC,0000085961
874,RYERSON HOLDING CORP,0001481582
875,S & T BANCORP INC,0000029199
876,S&P GLOBAL INC,0000029199
877,SABRA HEALTH CARE REIT,0001492298
878,SABRE CORP,0001597033
879,SAFEGUARD SCIENTIFICS,0000086115
880,SAFEHOLD INC,0001688852
881,SAGA COMMUNICATIONS INC,0000886136
882,SAIA INC,0001177702
883,SAILPOINT TECHNOLOGIES,0001350136
884,SALESFORCE COM INC,0001108524
885,SALISBURY BANCORP INC,0001060219
886,SALLY BEAUTY HOLDINGS,0001368458
887,SANDERSON FARMS INC,0000812128
888,SANDY SPRING BANCORP,0000824410
889,SANFILIPPO JOHN B & SON,0000880117
890,SERITAGE GROWTH PROP,0001628063
891,SERVICE PROPERTIES TRUST,0000945394
892,SERVICEMASTER GLOBAL,0001428875
893,SERVISFIRST BANCSHARES,0001430723
894,SHAKE SHACK INC,0001620533
895,SHARPS COMPLIANCE CORP,0000898770
896,SHERWIN WILLIAMS CO,0000089800
897,SHOCKWAVE MEDICAL,0001642545
898,SHOE CARNIVAL INC,0000895447
899,SHORE BANCSHARES INC,0001035092
900,SHOTSPOTTER,0001362853
901,SI-BONE,0001459839
902,SIEBERT FINANCIAL CORP,0000065596
903,SIERRA BANCORP,0001130144
904,SIGA TECHNOLOGIES INC,0001010086
905,SIGNATURE BANK,0001288784
906,SIGNET JEWELERS LTD,0000832988
907,SILGAN HOLDINGS INC,0000849869
908,SILICON LABORATORIES INC,0001038074
909,SILK ROAD MEDICAL,0001397702
910,SILVERGATE CAPITAL,0001325001
911,SIMMONS FIRST NATIONAL,0000090498
912,SIMON PROPERTY GROUP INC,0001070945
913,SIMPLY GOOD FOODS,0001702744
914,SIMPSON MANUFACTURING,0000920371
915,SIMULATIONS PLUS INC,0001023459
916,SINCLAIR BROADCAST GROUP,0000912752
917,SIRIUS XM HOLDINGS INC,0000908937
918,SITEONE LANDSCAPE SUPPLY,0001650729
919,SITIME,0001451809
920,SJW GROUP,0000766829
921,SKECHERS USA INC,0001065837
922,SKYLINE CHAMPION CORP,0000090896
923,SKYWEST INC,0000793733
924,SKYWORKS SOLUTIONS INC,0000004127
925,SL GREEN REALTY CORP,0001040971
926,SLACK TECHNOLOGIES,0001764925
927,SPX CORP,0000088205
928,SS&C TECHNOLOGIES HLDGS,0001620921
929,ST JOE CO,0000745308
930,STAAR SURGICAL CO,0001422427
931,STAMPS COM INC,0001082923
932,STANDARD AVB FINANCIAL,0001492915
933,STANDARD MOTOR PRODUCTS,0000093389
934,STANDEX INTERNATIONAL,0000310354
935,STANLEY BLACK & DECKER,0000093556
936,STARBUCKS CORP,0000887557
937,STARTEK INC,0001031029
938,STATE AUTO FINANCIAL,0000874977
939,STATE STREET CORP,0000093751
940,STEEL DYNAMICS INC,0001022671
941,STEELCASE INC,0001050825
942,STEPAN CO,0000094049
943,STEREOTAXIS,0001289340
944,STERICYCLE INC,0000861878
945,STERIS PLC,0001757898
946,STERLING BANCORP,0001680379
947,STERLING CONSTRUCTION CO,0000874238
948,STEWART INFORMATION,0000094344
949,STIFEL FINANCIAL CORP,0000720672
950,STONECO,0001711213
951,STONERIDGE INC,0001043337
952,STORE CAPITAL CORP,0001538990
953,STRONGBRIDGE BIOPHARMA,0001634432
954,STRYKER CORP,0000310764
955,STURM RUGER & CO INC,0000095029
956,SUMMIT FINANCIAL GROUP,0001656553
957,SUN COMMUNITIES INC,0000912593
958,SUNPOWER CORP,0000867773
959,SUNRUN INC,0001469367
960,TELLURIAN INC,0000061398
961,TENABLE HOLDINGS,0001660280
962,TENET HEALTHCARE CORP,0000070318
963,TENNANT CO,0001725062
964,TENNECO INC,0000823549
965,TERADATA CORP,0000816761
966,TERADYNE INC,0000097212
967,TEREX CORP,0000097216
968,TERRENO REALTY CORP,0001476150
969,TERRITORIAL BANCORP INC,0001447051
970,TETRA TECH INC,0000831641
971,TEXAS CAPITAL BANCSHARES,0001077428
972,TEXAS INSTRUMENTS INC,0000097476
973,TEXTRON INC,0000217346
974,THERMO FISHER SCIENTIFIC,0000097745
975,THIRD POINT REINSURANCE,0001568616
976,THOR INDUSTRIES INC,0000730263
977,TIDEWATER INC,0001106757
978,TIFFANY & CO,0001368284
979,TIMBERLAND BANCORP INC,0001046050
980,TIMKEN CO,0000098362
981,TIPTREE INC,0001393726
982,TITAN MACHINERY INC,0001409171
983,TJX COMPANIES INC,0000109198
984,TOLL BROTHERS INC,0000794170
985,TOMPKINS FINANCIAL CORP,0001005817
986,TOOTSIE ROLL INDUSTRIES,0000098677
987,TUTOR PERINI CORP,0000077543
988,TWILIO INC,0001447669
989,TWIN RIVER WORLDWIDE,0001747079
990,TWIST BIOSCIENCE,0001581280
991,TWITTER INC,0001418091
992,TYLER TECHNOLOGIES INC,0000860731
993,TYME,0001800519
994,TYSON FOODS INC,0000100493
995,U S PHYSICAL THERAPY INC,0000885978
996,UBER TECHNOLOGIES,0001543151
997,UBIQUITI INC,0001511737
998,UFP INDUSTRIES INC,0000912767
999,UFP TECHNOLOGIES INC,0000914156
1000,UGI CORP,0000884614
1001,ULTRA CLEAN HOLDINGS INC,0001275014
1002,ULTRAGENYX PHARMA,0001515673
1003,UMB FINANCIAL CORP,0000101382
1004,UMPQUA HOLDINGS CORP,0001077771
1005,UNIFI INC,0000100726
1006,UNION PACIFIC CORP,0000100885
1007,UNISYS CORP,0000746838
1008,UNITED AIRLINES HOLDINGS,0000100517
1009,UNITED BANKSHARES INC,0000729986
1010,UNITED COMMUNITY BANKS,0001230299
1011,UNITED FIRE GROUP INC,0000101199
1012,UNITED NATURAL FOODS INC,0001031763
1013,UNITED PARCEL SERVICE,0000809697
1014,UNITED RENTALS INC,0001075339
1015,UNITED SECURITY BANC,0000717806
1016,UNITED STATES CELLULAR,0000821130
1017,UNITED STATES LIME & MIN,0000082020
1018,UNITED STATES STEEL CORP,0000317155
1019,UNITED THERAPEUTICS,0001082554
1020,UNITEDHEALTH GROUP INC,0000731766
1021,UNITI GROUP INC,0001620280
1022,UNITIL CORP,0000755001
1023,UNITY BANCORP INC,0000920427
1024,UNITY BIOTECHNOLOGY,0001463361
1025,VERICEL CORP,0000887359
1026,VERICITY,0001575434
1027,VERISIGN INC,0001014473
1028,VERITEX HOLDINGS,0001501570
1029,VERIZON COMMUNICATIONS,0000732712
1030,VERRA MOBILITY CORP,0001682745
1031,VERRICA PHARMACEUTICALS,0001660334
1032,VERTEX PHARMACEUTICALS,0000875320
1033,VERU INC,0000863894
1034,VIAD CORP,0001352663
1035,VIASAT INC,0000797721
1036,VIAVI SOLUTIONS INC,0000912093
1037,VICI PROPERTIES INC,0001705696
1038,VICOR CORP,0000751978
1039,VIELA BIO,0001734517
1040,VIEMED HEALTHCARE,0001729149
1041,VIEWRAY INC,0001454958
1042,VILLAGE SUPER MARKET INC,0000103595
1043,VIR BIOTECHNOLOGY,0001706431
1044,VIRNETX HOLDING CORP,0001082324
1045,VIRTUSA CORP,0001207074
1046,VISA INC,0001403161
1047,VISHAY INTERTECHNOLOGY,0000103730
1048,VISHAY PRECISION GROUP,0001487952
1049,VISTA OUTDOOR INC,0001616318
1050,VISTEON CORP,0001111335
1051,VISTRA ENERGY CORP,0001692819
1052,VOCERA COMMUNICATIONS,0001129260
1053,VOLITIONRX LTD,0000093314
1054,VORNADO REALTY TRUST,0000899689
1055,VOXX INTERNATIONAL CORP,0000807707
1056,WHIRLPOOL CORP,0000106640
1057,WHITESTONE REIT,0001490653
1058,WHITING PETROLEUM CORP,0001255474
1059,WIDEOPENWEST,0001701051
1060,WILEY JOHN & SONS INC,0000107141
1061,WILLIAMS COMPANIES INC,0000107263
1062,WILLIAMS SONOMA INC,0000719955
1063,WILLIS LEASE FINANCE,0001018164
1064,WILLIS TOWERS WATSON PLC,0001140536
1065,WINGSTOP INC,0001636222
1066,WINMARK CORP,0000908315
1067,WINNEBAGO INDUSTRIES INC,0000107687
1068,WINTRUST FINANCIAL CORP,0001015328
1069,WOLVERINE WORLD WIDE,0000110471
1070,WORKDAY INC,0001327811
1071,WORKHORSE GROUP INC,0001425287
1072,WORKIVA INC,0001445305
1073,WORLD ACCEPTANCE CORP,0000108385
1074,WORTHINGTON INDUSTRIES,0000108516
1075,WRAP TECHNOLOGIES,0001702924
1076,WSFS FINANCIAL CORP,0000828944
1077,WYNDHAM HOTELS & RESORTS,0001722684
1078,WYNN RESORTS LTD,0001174922
1079,XBIOTECH INC,0001626878
1080,XCEL ENERGY INC,0000072903
1081,XENCOR INC,0001326732
1082,XENIA HOTELS & RESORTS,0001616000
1083,XERIS PHARMACEUTICALS,0001346302
1084,XEROX HOLDINGS CORP,0001770450
1085,XILINX INC,0000743988
1086,XOMA CORP,0000791908
1087,XYLEM INC,0001524472
1088,YELP INC,0001345016
1089,Y-MABS THERAPEUTICS,0001722964
1090,ADVANCE AUTO PARTS INC,0001158449
1091,ADVANCED DRAINAGE SYSTEM,0001614835
1092,ADVANCED MICRO DEVICES,0000002488
1093,ADVANSIX,0001673985
1094,AECOM,0001753230
1095,AEGION CORP,0000353020
1096,AEGLEA BIOTHERAPEUTICS,0001636282
1097,AERIE PHARMACEUTICALS,0001337553
1098,AEROVIRONMENT INC,0001368622
1099,AES CORP,0001461655
1100,AFLAC INC,0000795029
1101,AGCO CORP,0000880266
1102,AGENUS INC,0001098972
1103,AGILE THERAPEUTICS INC,0001261249
1104,AGILENT TECHNOLOGIES INC,0001090872
1105,AGILYSYS INC,0000078749
1106,AGIOS PHARMACEUTICALS,0001439222
1107,AGNC INVESTMENT,0001423689
1108,AGREE REALTY CORP,0000917251
1109,AIR LEASE CORP,0001487712
1110,AIR PRODUCTS & CHEMICALS,0000002969
1111,AIR TRANSPORT SERVICES,0000894081
1112,AKAMAI TECHNOLOGIES,0001398575
1113,AKCEA THERAPEUTICS,0001662524
1114,AKOUSTIS TECHNOLOGIES,0001584754
1115,ALAMO GROUP INC,0000897077
1116,ALASKA AIR GROUP INC,0000766421
1117,ALASKA COMMUNICATIONS,0001089520
1118,ALBANY INTERNATIONAL,0000003303
1119,ALBEMARLE CORP,0000915913
1120,ALECTOR,0001653087
1121,ALERUS FINANCIAL CORP,0001803603
1122,AMEREN CORP,0001002910
1123,AMERICAN AIRLINES GROUP,0000006201
1124,AMERICAN AXLE & MFG,0001084331
1125,AMERICAN CAMPUS COMMUN,0001357369
1126,AMERICAN EAGLE OUTFITTER,0000919012
1127,AMERICAN ELECTRIC POWER,0000313794
1128,AMERICAN EXPRESS CO,0001062998
1129,AMERICAN FINANCE TRUST,0001568162
1130,AMERICAN FINANCIAL GROUP,0000943523
1131,AMERICAN HOMES 4 RENT,0001582744
1132,AMERICAN SOFTWARE INC,0000713425
1133,AMERICAN STATES WATER CO,0001056903
1134,AMERICAN SUPERCONDUCTOR,0000880807
1135,AMERICAN TOWER CORP,0001053507
1136,AMERICAN VANGUARD CORP,0000005981
1137,AMERICAN WOODMARK CORP,0000794619
1138,AMERICOLD REALTY TRUST,0001455863
1139,AMERIPRISE FINANCIAL INC,0000734820
1140,AMERIS BANCORP,0000351569
1141,AMERISAFE INC,0001018979
1142,AMERISOURCEBERGEN CORP,0001140859
1143,AMETEK INC,0001037868
1144,AMGEN INC,0000318154
1145,AMICUS THERAPEUTICS INC,0001178879
1146,AMKOR TECHNOLOGY INC,0001047127
1147,AMN HEALTHCARE SERVICES,0001142750
1148,AMNEAL PHARMACEUTICALS,0001723128
1149,AMPHENOL CORP,0000820313
1150,ANALOG DEVICES INC,0000006281
1151,ANAPLAN,0001540755
1152,ANAVEX LIFE SCIENCES,0001314052
1153,ANDERSONS INC,0000821026
1154,ANGIODYNAMICS INC,0001275187
1155,ANI PHARMACEUTICALS INC,0001023024
1156,ANIKA THERAPEUTICS INC,0000898437
1157,ARES MANAGEMENT CORP,0001176948
1158,ARGAN INC,0000100591
1159,ARMOUR RESIDENTIAL REIT,0001428205
1160,ARROW ELECTRONICS INC,0000007536
1161,ARROW FINANCIAL CORP,0000717538
1162,ARROWHEAD PHARMACEUTICAL,0000879407
1163,ARTESIAN RESOURCES CORP,0000863110
1164,ARTISAN PARTNERS ASSET,0001517302
1165,ARVINAS HOLDING,0001655759
1166,ASBURY AUTOMOTIVE GROUP,0001176004
1167,ASHLAND GLOBAL HOLDINGS,0001674862
1168,ASPEN AEROGELS INC,0001145986
1169,ASPEN TECHNOLOGY INC,0000929940
1170,ASSOCIATED CAPITAL GROUP,0001642122
1171,ASSURANT INC,0001267238
1172,ASSURED GUARANTY LTD,0001273813
1173,ASTEC INDUSTRIES INC,0000792987
1174,ASTRONICS CORP,0000008063
1175,ASURE SOFTWARE INC,0000884144
1176,AT HOME GROUP INC,0001646228
1177,AT&T INC,0001590766
1178,ATARA BIOTHERAPEUTICS,0001604464
1179,ATHENE HOLDING LTD,0001527469
1180,ATHENEX,0001300699
1181,ATHERSYS INC,0001051521
1182,ATLANTIC UNION BANKSHARE,0000883948
1183,ATLANTICUS HOLDINGS,0001464343
1184,ATLASSIAN CORP PLC,0001650372
1185,ATMOS ENERGY CORP,0000731802
1186,BANK OF AMERICA CORP,0000070858
1187,BANK OF HAWAII CORP,0000046195
1188,BANK OF MARIN BANCORP,0001403475
1189,BANK OF NEW YORK MELLON,0001354368
1190,BANK OZK,0001145722
1191,BANK7 CORP,0001746129
1192,BANKFINANCIAL CORP,0001303942
1193,BANNER CORP,0000946673
1194,BARNES GROUP INC,0000009984
1195,BARRETT BUSINESS SERVICE,0000902791
1196,BAXTER INTERNATIONAL INC,0001072848
1197,BBX CAPITAL CORP,0000315858
1198,BCB BANCORP INC,0001228454
1199,BEACON ROOFING SUPPLY,0001124941
1200,BEAM THERAPEUTICS,0001745999
1201,BEAZER HOMES USA INC,0000915840
1202,BECTON DICKINSON & CO,0001776167
1203,BED BATH & BEYOND INC,0000886158
1204,BEL FUSE INC,0000729580
1205,BELDEN INC,0000913142
1206,BELLRING BRANDS,0001772016
1207,BENCHMARK ELECTRONICS,0000863436
1208,BERKLEY W R CORP,0000011544
1209,BERKSHIRE HATHAWAY INC,0000109694
1210,BERKSHIRE HILLS BANCORP,0001108134
1211,BERRY GLOBAL GROUP,0001378992
1212,BEYOND MEAT,0001655210
1213,BEYONDSPRING,0001677940
1214,BIG LOTS INC,0000768835
1215,BILL.COM HOLDINGS,0001786352
1216,BIOCRYST PHARMACEUTICALS,0000882796
1217,BIO-TECHNE CORP,0000842023
1218,BRIDGE BANCORP INC,0000846617
1219,BRIDGEWATER BANCSHARES,0001341317
1220,BRIDGFORD FOODS CORP,0000014177
1221,BRIGHAM MINERALS,0001745797
1222,BRIGHTCOVE INC,0001313275
1223,BRIGHTHOUSE FINANCIAL,0001685040
1224,BRIGHTSPHERE INVESTMENT,0001611702
1225,BRINKER INTERNATIONAL,0000703351
1226,BRINKS CO,0000078890
1227,BRISTOL MYERS SQUIBB,0001202500
1228,BRISTOW GROUP INC,0001525221
1229,BRIXMOR PROPERTY GROUP,0001581068
1230,BROADCOM INC,0001730168
1231,BROOKDALE SENIOR LIVING,0001332349
1232,BROOKFIELD INFRASTRUCTUR,0001406234
1233,BROOKFIELD PROPERTY REIT,0001496048
1234,BROOKLINE BANCORP INC,0001049782
1235,BROOKS AUTOMATION INC,0000933974
1236,BROWN & BROWN INC,0001489548
1237,BRP GROUP,0001781755
1238,BRT APARTMENTS CORP,0000014846
1239,BRUKER CORP,0001109354
1240,BRUNSWICK CORP,0000734620
1241,BRYN MAWR BANK CORP,0000802681
1242,BUCKLE INC,0000885245
1243,BUNGE LIMITED,0001230396
1244,BUSINESS FIRST BANCSHARE,0001624322
1245,BYLINE BANCORP,0001702750
1246,C & F FINANCIAL CORP,0000016735
1247,C H ROBINSON WORLDWIDE,0001043277
1248,CABALETTA BIO,0001759138
1249,CABOT CORP,0000016040
1250,CABOT MICROELECTRONICS,0001102934
1251,CABOT OIL & GAS CORP,0000858470
1252,CACI INTERNATIONAL INC,0000016058
1253,CADENCE BANCORP,0001614184
1254,CADENCE DESIGN SYSTEMS,0000813672
1255,CARVANA CO,0001690820
1256,CASA SYSTEMS INC,0001333835
1257,CASELLA WASTE SYSTEMS,0000911177
1258,CASEYS GENERAL STORES,0000726958
1259,CASPER SLEEP,0001598674
1260,CASS INFORMATION SYSTEMS,0000708781
1261,CASSAVA SCIENCES INC,0001069530
1262,CASTLE BIOSCIENCES INC,0001447362
1263,CATALYST BIOSCIENCES INC,0001270381
1264,CATALYST PHARMACEUTICALS,0001369568
1265,CATCHMARK TIMBER TRUST,0001341141
1266,CATERPILLAR INC,0001368591
1267,CATHAY GENERAL BANCORP,0000861842
1268,CATO CORP,0000018255
1269,CAVCO INDUSTRIES INC,0000278166
1270,CECO ENVIRONMENTAL CORP,0000003197
1271,CELANESE CORP,0000018443
1272,CENTENE CORP,0001071739
1273,CENTERPOINT ENERGY INC,0001166214
1274,CENTRAL EUROPEAN MEDIA,0001511383
1275,CENTRAL GARDEN & PET CO,0001109399
1276,CENTURY ALUMINUM CO,0000949157
1277,CENTURY BANCORP INC,0001019055
1278,CENTURY CASINOS INC,0000911147
1279,CERECOR INC,0001534120
1280,CERENCE,0001768267
1281,CERIDIAN HCM HOLDING,0001725057
1282,CERNER CORP,0000804753
1283,CIRRUS LOGIC INC,0000772406
1284,CISCO SYSTEMS INC,0000858877
1285,CIT GROUP INC,0001171825
1286,CITI TRENDS INC,0001318484
1287,CITIGROUP INC,0000831001
1288,CITIZENS & NORTHERN CORP,0001475828
1289,CITIZENS INC,0000024090
1290,CITRIX SYSTEMS INC,0000877890
1291,CITY HOLDING CO,0000726854
1292,CLEAN ENERGY FUELS CORP,0001368265
1293,CLEAN HARBORS INC,0000822818
1294,CLEARWATER PAPER CORP,0001441236
1295,CLEARWAY ENERGY,0001567683
1296,CLEVELAND-CLIFFS INC,0000764065
1297,CLIPPER REALTY INC,0001649096
1298,CLOROX CO,0000021076
1299,CLOUDFLARE,0001477333
1300,CME GROUP INC,0001156375
1301,CMS ENERGY CORP,0001005318
1302,CNA FINANCIAL CORP,0000021175
1303,CNO FINANCIAL GROUP,0001224608
1304,CNX RESOURCES CORP,0001070412
1305,COASTAL FINANCIAL CORP,0000935930
1306,COCA COLA CO,0000021344
1307,COCA-COLA CONSOLIDATED,0000317540
1308,CODEXIS INC,0001200375
1309,COGNEX CORP,0000851205
1310,COHEN & STEERS INC,0001033969
1311,COHERENT INC,0000021510
1312,COHERUS BIOSCIENCES,0001512762
1313,COHU INC,0000021535
1314,COLFAX CORP,0001420800
1315,COLGATE PALMOLIVE CO,0000021665
1316,COOPER TIRE & RUBBER CO,0000024491
1317,COPART INC,0000900075
1318,CORBUS PHARMACEUTICALS,0001595097
1319,CORCEPT THERAPEUTICS INC,0001088856
1320,CORENERGY INFRASTRUCT,0001347652
1321,CORESITE REALTY CORP,0001490892
1322,CORMEDIX INC,0001410098
1323,CORNERSTONE BUILDING,0000883902
1324,CORNERSTONE ONDEMAND INC,0001401680
1325,CORNING INC,0000024741
1326,CORTEVA,0001755672
1327,CORTEXYME,0001662774
1328,CORVEL CORP,0000874866
1329,COSTAMARE INC,0001503584
1330,COSTAR GROUP INC,0001057352
1331,COSTCO WHOLESALE CORP,0000909832
1332,COTY INC,0000939919
1333,COUPA SOFTWARE INC,0001385867
1334,COUSINS PROPERTIES INC,0000025232
1335,COVANTA HOLDING CORP,0000225648
1336,COWEN INC,0000793578
1337,CRAFT BREW ALLIANCE,0000892222
1338,CRANE CO,0000025445
1339,CRAWFORD & CO CL A,0001174817
1340,CREE INC,0000895419
1341,CRINETICS PHARMACEUTICAL,0001658247
1342,CROSS COUNTRY HEALTHCARE,0001141103
1343,CROSSFIRST BANKSHARES,0001458412
1344,CROWDSTRIKE HOLDINGS,0001535527
1345,CROWN HOLDINGS INC,0001219601
1346,CRYOLIFE INC,0000784199
1347,CRYOPORT INC,0001363903
1348,DEVON ENERGY CORP,0000837330
1349,DEXCOM INC,0001093557
1350,DIAMOND HILL INVESTMENT,0001144316
1351,DIAMOND S SHIPPING,0001761940
1352,DIAMONDROCK HOSPITALITY,0001761049
1353,DICERNA PHARMACEUTICALS,0001399529
1354,DICKS SPORTING GOODS INC,0001089063
1355,DIEBOLD NIXDORF,0000028823
1356,DILLARDS INC,0001057215
1357,DIODES INC,0000029002
1358,DISH NETWORK CORP,0001001082
1359,DISNEY WALT CO,0000029082
1360,DIVERSIFIED HEALTHCARE,0001075415
1361,DMC GLOBAL INC,0000034067
1362,DOCUSIGN,0001261333
1363,DOLLAR GENERAL CORP,0000029534
1364,DOLLAR TREE INC,0000935703
1365,DOMINION ENERGY INC,0000715957
1366,DOMINOS PIZZA INC,0001286681
1367,DONEGAL GROUP INC,0000800457
1368,DONNELLEY FINANCIAL,0001700505
1369,DORIAN LPG LTD,0001596993
1370,DOUGLAS EMMETT INC,0001364250
1371,DOVER CORP,0000029905
1372,DOW INC,0001751788
1373,DRIL-QUIP INC,0001042893
1374,DROPBOX,0001467623
1375,DSP GROUP INC,0000915778
1376,DTE ENERGY CO,0000936340
1377,DUCOMMUN INC,0000030305
1378,DUKE ENERGY CORP,0000734751
1379,ELLINGTON FINANCIAL,0001660108
1380,ELLINGTON RESIDENTIAL,0001560672
1381,ELOXX PHARMACEUTICALS,0001035354
1382,EMCOR GROUP INC,0000105634
1383,EMERGENT BIOSOLUTIONS,0001367644
1384,EMERSON ELECTRIC CO,0000032604
1385,EMPIRE STATE REALTY,0001541401
1386,ENANTA PHARMACEUTICALS,0001177648
1387,ENCOMPASS HEALTH CORP,0000785161
1388,ENCORE CAPITAL GROUP INC,0001084961
1389,ENCORE WIRE CORP,0000850460
1390,ENDO INTERNATIONAL PLC,0001593034
1391,ENDURANCE INTERNATIONAL,0001690155
1392,ENERGIZER HOLDINGS INC,0001096752
1393,ENERGY FUELS INC,0001385849
1394,ENERGY RECOVERY INC,0000032896
1395,ENERPAC TOOL GROUP CORP,0000006955
1396,ENOCHIAN BIOSCIENCES,0001527728
1397,ENPRO INDUSTRIES INC,0001164863
1398,ENTEGRIS INC,0001134623
1399,ENTERCOM COMMUNICATIONS,0001067837
1400,ENTERGY CORP,0000893928
1401,ENTERPRISE BANCORP INC,0001018399
1402,ENTRAVISION COMM,0001109116
1403,ENVELA,0000701719
1404,ENVISTA HOLDINGS,0001757073
1405,ENZO BIOCHEM INC,0000316253
1406,EOG RESOURCES INC,0000821189
1407,EPAM SYSTEMS INC,0001352010
1408,EPLUS INC,0001022408
1409,EPR PROPERTIES,0001045450
1410,EQUIFAX INC,0000083447
1411,EQUINIX INC,0001101239
1412,EQUITRANS MIDSTREAM CORP,0001747009
1413,EQUITY COMMONWEALTH,0000803649
1414,EXTRA SPACE STORAGE INC,0001289490
1415,EXTREME NETWORKS INC,0001078271
1416,EXXON MOBIL CORP,0000034088
1417,EZCORP INC,0000876523
1418,F5 NETWORKS INC,0001048695
1419,FABRINET,0001408710
1420,FACEBOOK INC,0001326801
1421,FACTSET RESEARCH SYSTEMS,0001013237
1422,FAIR ISAAC CORP,0000814547
1423,FARMER BROS CO,0001275950
1424,FARMERS & MERCHANTS BNCP,0000700946
1425,FARMLAND PARTNERS INC,0001591670
1426,FARO TECHNOLOGIES INC,0000917491
1427,FASTENAL CO,0000815556
1428,FASTLY,0001517413
1429,FATE THERAPEUTICS INC,0001434316
1430,FB FINANCIAL CORP,0001649749
1431,FBL FINANCIAL GROUP INC,0001012771
1432,FEDERAL SIGNAL CORP,0000277509
1433,FEDERATED HERMES INC,0000789281
1434,FEDEX CORP,0001139206
1435,FENNEC PHARMACEUTICALS,0001211583
1436,FERRO CORP,0000035214
1437,FIBROGEN INC,0000921299
1438,FIDELITY D&D BANCORP INC,0001286320
1439,FIESTA RESTAURANT GROUP,0001534992
1440,FIFTH THIRD BANCORP,0000035527
1441,FIREEYE INC,0001370880
1442,FIRST BANCORP INC,0001077762
1443,FIRST BUSEY CORP,0000314489
1444,FIRST CAPITAL INC,0000771983
1445,FIRST CHOICE BANCORP,0001716697
1446,FORESTAR GROUP INC,0001406587
1447,FORMFACTOR INC,0001039399
1448,FORRESTER RESEARCH INC,0001023313
1449,FORTINET INC,0001262039
1450,FORWARD AIR CORP,0000912728
1451,FOSTER L B CO,0000352825
1452,FOX FACTORY HOLDING CORP,0001424929
1453,FRANCHISE GROUP,0001528930
1454,FRANKLIN COVEY CO,0000886206
1455,FRANKLIN ELECTRIC CO,0000038725
1456,FRANKLIN FINANCIAL SERV,0000723646
1457,FRANKLIN RESOURCES INC,0000038777
1458,FRANK'S INTERNATIONAL,0001575828
1459,FREEPORT-MCMORAN INC,0000831259
1460,FREQUENCY THERAPEUTICS,0001703647
1461,FRESH DEL MONTE PRODUCE,0001047340
1462,FRONT YARD RESIDENTIAL,0001555039
1463,FRONTLINE LTD,0000913290
1464,FTI CONSULTING INC,0000887936
1465,FUELCELL ENERGY INC,0000886128
1466,FULTON FINANCIAL CORP,0000700564
1467,G1 THERAPEUTICS,0001560241
1468,GALECTIN THERAPEUTICS,0001133416
1469,GALERA THERAPEUTICS,0001563577
1470,GALLAGHER ARTHUR J & CO,0000354190
1471,GAMCO INVESTORS INC,0000733977
1472,G-III APPAREL GROUP LTD,0001334647
1473,GLOBUS MEDICAL INC,0001237831
1474,GLU MOBILE INC,0001366246
1475,GLYCOMIMETICS INC,0001253689
1476,GMS INC,0001600438
1477,GODADDY INC,0001609711
1478,GOGO INC,0001537054
1479,GOLD RESOURCE CORP,0001160791
1480,GOLDMAN SACHS GROUP INC,0000904571
1481,GOODRICH PETROLEUM CORP,0000943861
1482,GOODYEAR TIRE & RUBBER,0000042582
1483,GOOSEHEAD INSURANCE,0001726978
1484,GORMAN RUPP CO,0000042682
1485,GOSSAMER BIO,0001728117
1486,GP STRATEGIES CORP,0000070415
1487,GRACE W R & CO,0000874215
1488,GRACO INC,0000042888
1489,GRAFTECH INTERNATIONAL,0001172419
1490,GRAHAM CORP,0000716314
1491,GRAND CANYON EDUCATION,0001434588
1492,GRANITE POINT MORTGAGE,0001703644
1493,GRAY TELEVISION INC,0000043196
1494,GREAT AJAX CORP,0001614806
1495,GREAT LAKES DREDGE & DOC,0001140031
1496,GREAT SOUTHERN BANCORP,0000854560
1497,GREAT WESTERN BANCORP,0001088381
1498,GREEN DOT CORP,0001386278
1499,GREEN PLAINS INC,0001309402
1500,GREENBRIER COMPANIES INC,0000923120
1501,GREENE COUNTY BANCORP,0001070524
1502,GREENHILL & CO INC,0001156845
1503,GREENLANE HOLDINGS,0001763357
1504,GREENSKY,0001712923
1505,GREIF INC,0000043920
1506,GRIFFON CORP,0000050725
1507,GRITSTONE ONCOLOGY,0001656634
1508,GROCERY OUTLET HOLDING,0001771515
1509,GROUP 1 AUTOMOTIVE INC,0001031203
1510,HEALTHEQUITY INC,0001428336
1511,HEALTHPEAK PROPERTIES,0000765880
1512,HEALTHSTREAM INC,0001095565
1513,HEARTLAND EXPRESS INC,0000799233
1514,HEARTLAND FINANCIAL USA,0000949049
1515,HECLA MINING CO,0000046539
1516,HEIDRICK & STRUGGLES,0001066605
1517,HELEN OF TROY LTD,0000916789
1518,HELIX ENERGY SOLUTIONS,0000866829
1519,HELMERICH & PAYNE INC,0001019466
1520,HEMISPHERE MEDIA GROUP,0001567345
1521,HENRY JACK & ASSOCIATES,0001382352
1522,HERBALIFE NUTRITION LTD,0001180262
1523,HERITAGE COMMERCE CORP,0001053352
1524,HERITAGE FINANCIAL CORP,0001046025
1525,HERMAN MILLER INC,0000066382
1526,HERSHA HOSPITALITY TRUST,0001063344
1527,HERTZ GLOBAL HOLDINGS,0001657853
1528,HESKA CORP,0001038133
1529,HESS CORP,0000004447
1530,HEWLETT PACKARD ENT,0001645590
1531,HEXCEL CORP,0000717605
1532,HF FOODS GROUP INC,0001680873
1533,HIBBETT SPORTS INC,0001017480
1534,HIGHWOODS PROPERTIES INC,0000921082
1535,HILLTOP HOLDINGS INC,0001265131
1536,HILTON GRAND VACATIONS,0001717221
1537,HILTON WORLDWIDE HOLDING,0001585689
1538,HMS HOLDINGS CORP,0001196501
1539,HOLLYFRONTIER CORP,0000048039
1540,HOLOGIC INC,0000859737
1541,HOME BANCSHARES INC,0001331520
1542,HOME DEPOT INC,0000354950
1543,ILLINOIS TOOL WORKS INC,0000049826
1544,ILLUMINA INC,0001110803
1545,IMARA,0001033963
1546,IMAX CORP,0000921582
1547,IMMERSION CORP,0001058811
1548,IMMUNOGEN INC,0000855654
1549,IMMUNOMEDICS INC,0000722830
1550,IMPINJ INC,0001114995
1551,INCYTE CORP,0000879169
1552,INDEPENDENCE HOLDING CO,0001284567
1553,INDEPENDENT BANK CORP,0000039311
1554,INDUSTRIAL LOGISTICS,0001625941
1555,INFINERA CORP,0001370653
1556,INGLES MARKETS INC,0001285656
1557,INGREDION INC,0001046257
1558,INNOSPEC INC,0001054905
1559,INNOVATIVE INDUSTRIAL,0001677576
1560,INOGEN INC,0001294133
1561,INOVIO PHARMACEUTICALS,0001055726
1562,INPHI CORP,0001175429
1563,INSEEGO CORP,0001022652
1564,INSIGHT ENTERPRISES INC,0000932696
1565,INSMED INC,0001104506
1566,INSPIRE MEDICAL SYSTEMS,0001609550
1567,INSTEEL INDUSTRIES INC,0000764401
1568,INSULET CORP,0001145197
1569,INTEGER HOLDINGS CORP,0001114483
1570,INTEGRA LIFESCIENCES,0001644510
1571,INTEL CORP,0000050863
1572,INTELLIGENT SYSTEMS CORP,0000320340
1573,INTER PARFUMS INC,0000822663
1574,JAZZ PHARMACEUTICALS PLC,0001232524
1575,JBG SMITH PROPERTIES,0001711466
1576,JETBLUE AIRWAYS CORP,0001158463
1577,JOHNSON & JOHNSON,0001288350
1578,JOHNSON OUTDOORS INC,0000788329
1579,JONES LANG LASALLE INC,0001314152
1580,JPMORGAN CHASE & CO,0001665650
1581,JUNIPER NETWORKS INC,0001043604
1582,K12 INC,0001157408
1583,KADANT INC,0000886346
1584,KAISER ALUMINUM CORP,0000811596
1585,KALA PHARMACEUTICALS,0001479419
1586,KALEIDO BIOSCIENCES,0001751299
1587,KALVISTA PHARMACEUTICALS,0001348911
1588,KAMAN CORP,0000054381
1589,KANSAS CITY SOUTHERN,0000200411
1590,KARYOPHARM THERAPEUTICS,0001503802
1591,KB HOME,0001574257
1592,KEARNY FINANCIAL CORP,0001617242
1593,KELLOGG CO,0000055067
1594,KELLY SERVICES INC,0000055135
1595,KENNAMETAL INC,0000055242
1596,KEROS THERAPEUTICS,0001664710
1597,KEURIG DR PEPPER INC,0001418135
1598,KEYCORP,0001380476
1599,KEYSIGHT TECHNOLOGIES,0001601046
1600,KEZAR LIFE SCIENCES,0001645666
1601,KFORCE INC,0000930420
1602,KILROY REALTY CORP,0001025996
1603,KIMBALL INTERNATIONAL,0000734957
1604,KIMBERLY CLARK CORP,0000055785
1605,KIMCO REALTY CORP,0000879101
1606,KINDER MORGAN INC,0001031188
1607,KINIKSA PHARMACEUTICALS,0001730430
1608,LEAR CORP,0001168695
1609,LEGACY HOUSING CORP,0001436208
1610,LEGG MASON INC,0000810868
1611,LEGGETT & PLATT INC,0001141307
1612,LEMAITRE VASCULAR INC,0001158895
1613,LENDINGTREE INC,0001096479
1614,LENNOX INTERNATIONAL INC,0001069202
1615,LEVEL ONE BANCORP INC,0001412707
1616,LEXICON PHARMACEUTICALS,0001062822
1617,LEXINGTON REALTY TRUST,0000910108
1618,LIBERTY OILFIELD SERVICE,0001694028
1619,LIFEVANTAGE CORP,0000849146
1620,LIGAND PHARMACEUTICALS,0000886163
1621,LILLY ELI & CO,0001799209
1622,LIMONEIRA CO,0001342423
1623,LINCOLN NATIONAL CORP,0000059558
1624,LINDBLAD EXPEDITIONS INC,0001172094
1625,LINDE PLC,0001707925
1626,LINDSAY CORP,0000836157
1627,LIQUIDITY SERVICES INC,0001235468
1628,LITHIA MOTORS INC,0001167664
1629,LITTELFUSE INC,0000889331
1630,LIVANOVA PLC,0001639691
1631,MALLINCKRODT PLC,0001567892
1632,MANITOWOC CO INC,0000061986
1633,MANNKIND CORP,0000899460
1634,MANPOWERGROUP,0000871763
1635,MANTECH INTERNATIONAL,0000892537
1636,MARATHON OIL CORP,0000101778
1637,MARATHON PETROLEUM CORP,0001510295
1638,MARCUS & MILLICHAP,0001802242
1639,MARCUS CORP,0000062234
1640,MARINE PRODUCTS CORP,0001129155
1641,MARINEMAX INC,0001057060
1642,MARINUS PHARMACEUTICALS,0001267813
1643,MARKEL CORP,0001096343
1644,MARKETAXESS HOLDINGS INC,0001278021
1645,MARRONE BIO INNOVATIONS,0001441693
1646,MARSH & MCLENNAN COS,0001258764
1647,MARVELL TECHNOLOGY GROUP,0001058057
1648,MASCO CORP,0000062996
1649,MASTEC INC,0000015615
1650,MASTERCARD INC,0001141391
1651,MASTERCRAFT BOAT HOLDING,0001638290
1652,MATRIX SERVICE CO,0000866273
1653,MATTEL INC,0000063278
1654,MATTHEWS INTERNATIONAL,0000923184
1655,MAUI LAND & PINEAPPLE CO,0001010162
1656,MAXAR TECHNOLOGIES INC,0001121142
1657,MAXIMUS INC,0001032220
1658,MAXLINEAR INC,0001288469
1659,MAYVILLE ENGINEERING,0001766368
1660,MBIA INC,0000814585
1661,MCCORMICK & CO INC,0001233944
1662,MCDONALDS CORP,0000063908
1663,MCGRATH RENTCORP,0000752714
1664,MCKESSON CORP,0000038050
1665,MILESTONE SCIENTIFIC INC,0000855683
1666,MILLER INDUSTRIES INC,0000924822
1667,MIMECAST LTD,0001644675
1668,MINERALS TECHNOLOGIES,0000891014
1669,MINERVA NEUROSCIENCES,0001598646
1670,MIRUM PHARMACEUTICALS,0001759425
1671,MISONIX INC,0000880432
1672,MKS INSTRUMENTS INC,0001049502
1673,MOBILE MINI INC,0000911109
1674,MODEL N INC,0001118417
1675,MODERNA,0001682852
1676,MODINE MANUFACTURING CO,0000067347
1677,MOELIS & CO,0001596509
1678,MOHAWK INDUSTRIES INC,0000851968
1679,MOLECULAR TEMPLATES,0001183765
1680,MOLINA HEALTHCARE INC,0001179929
1681,MOMENTA PHARMACEUTICALS,0001235010
1682,MONARCH CASINO & RESORT,0000907242
1683,MONDELEZ INTERNATIONAL,0001103982
1684,MONEYGRAM INTERNATIONAL,0001273931
1685,MONGODB,0001441816
1686,MONMOUTH REAL ESTATE,0000067625
1687,MONOLITHIC POWER SYSTEMS,0001058354
1688,MONSTER BEVERAGE CORP,0000865752
1689,MONTAGE RESOURCES CORP,0001600470
1690,MOODYS CORP,0001059556
1691,MOOG INC,0001751828
1692,MORGAN STANLEY,0001360498
1693,MOVADO GROUP INC,0000072573
1694,MR. COOPER GROUP INC,0000933136
1695,MRC GLOBAL INC,0001439095
1696,MSA SAFETY INC,0000066570
1697,MSCI INC,0001408198
1698,MSG NETWORKS INC,0001469372
1699,MTS SYSTEMS CORP,0000068709
1700,NEOGEN CORP,0000711377
1701,NEOGENOMICS INC,0001077183
1702,NEOLEUKIN THERAPEUTICS,0001404644
1703,NEOPHOTONICS CORP,0001366653
1704,NETFLIX INC,0001065280
1705,NETGEAR INC,0001122904
1706,NETSCOUT SYSTEMS INC,0001078075
1707,NEUBASE THERAPEUTICS,0001173281
1708,NEUROBO PHARMACEUTICALS,0001638287
1709,NEUROCRINE BIOSCIENCES,0000914475
1710,NEVRO CORP,0001444380
1711,NEW AGE BEVERAGES CORP,0001579823
1712,NEW JERSEY RESOURCES,0000356309
1713,NEW RELIC INC,0001448056
1714,NEW YORK TIMES CO,0000071691
1715,NEWELL BRANDS INC,0000814453
1716,NEWPARK RESOURCES INC,0000071829
1717,NEXPOINT RESIDENTIAL TR,0001620393
1718,NEXTCURE,0001661059
1719,NEXTDECADE,0001612720
1720,NEXTERA ENERGY INC,0000753308
1721,NEXTIER OILFIELD SOL,0001688476
1722,NGM BIOPHARMACEUTICALS,0001426332
1723,NIC INC,0001065332
1724,NICOLET BANKSHARES INC,0001174850
1725,NIELSEN HOLDINGS PLC,0001492633
1726,NIKE INC,0000320187
1727,NISOURCE INC,0001111711
1728,NL INDUSTRIES INC,0000072162
1729,NLIGHT,0001443547
1730,NN INC,0000918541
1731,NOBLE ENERGY INC,0000072207
1732,NOODLES & COMPANY,0001472848
1733,NORDIC AMERICAN TANKER,0001000177
1734,OLD DOMINION FREIGHT,0000878927
1735,OLD NATIONAL BANCORP,0000911749
1736,OLD SECOND BANCORP INC,0000865956
1737,OLIN CORP,0000316267
1738,OLYMPIC STEEL INC,0000917470
1739,OMEROS CORP,0001368823
1740,OMNICELL INC,0000926326
1741,OMNICOM GROUP INC,0000029989
1742,ON SEMICONDUCTOR CORP,0001097864
1743,ONE LIBERTY PROPERTIES,0000712770
1744,ONEOK INC,0001039684
1745,ONESPAN INC,0001044777
1746,ONESPAWORLD HOLDINGS,0001758488
1747,ONEWATER MARINE,0001772921
1748,ONTO INNOVATION INC,0000704532
1749,OOMA INC,0001327688
1750,OP BANCORP,0001722010
1751,OPORTUN FINANCIAL,0001538716
1752,OPPENHEIMER HOLDINGS INC,0000315011
1753,OPTIMIZERX CORP,0001448431
1754,ORACLE CORP,0000777676
1755,ORASURE TECHNOLOGIES INC,0001116463
1756,ORBCOMM INC,0001361983
1757,ORCHID ISLAND CAPITAL,0001518621
1758,ORGANOGENESIS,0000779733
1759,ORGENESIS INC,0001460602
1760,ORIC PHARMACEUTICALS,0001796280
1761,ORIGIN BANCORP,0001516912
1762,ORION ENGINEERED CARBONS,0001609804
1763,ORTHOFIX MEDICAL INC,0000884624
1764,ORTHOPEDIATRICS CORP,0001425450
1765,OSHKOSH CORP,0000775158
1766,OSI SYSTEMS INC,0001039065
1767,OSMOTICA PHARMACEUTICALS,0001739426
1768,OTIS WORLDWIDE,0001781335
1769,OTTER TAIL CORP,0000735271
1770,PDF SOLUTIONS INC,0001120914
1771,PDL COMMUNITY BANCORP,0001703489
1772,PEABODY ENERGY CORP,0001064728
1773,PEBBLEBROOK HOTEL TRUST,0001474098
1774,PEGASYSTEMS INC,0001013857
1775,PELOTON INTERACTIVE,0001562266
1776,PENN NATIONAL GAMING INC,0000921738
1777,PENN VIRGINIA CORP,0000077159
1778,PENNANT GROUP,0001766400
1779,PENNS WOODS BANCORP INC,0000716605
1780,PENNYMAC MORTGAGE INV,0001464423
1781,PENSKE AUTOMOTIVE GROUP,0001019849
1782,PENTAIR PLC,0000077360
1783,PENUMBRA INC,0001321732
1784,PEOPLES BANCORP INC,0001060244
1785,PEPSICO INC,0000077476
1786,PERDOCEO EDUCATION CORP,0001046568
1787,PERFICIENT INC,0001085869
1788,PERFORMANCE FOOD GROUP,0000930421
1789,PERKINELMER INC,0000031791
1790,PERRIGO CO PLC,0001585364
1791,PERSPECTA,0001678262
1792,PETIQ,0001668673
1793,PETMED EXPRESS INC,0001040130
1794,PFENEX INC,0001478121
1795,PFIZER INC,0000735232
1796,PFSWEB INC,0001095315
1797,PG&E CORP,0001758356
1798,PHASEBIO PHARMACEUTICALS,0001169245
1799,PHATHOM PHARMACEUTICALS,0001783183
1800,PHIBRO ANIMAL HEALTH,0001280648
1801,PHILLIPS 66,0001654510
1802,PHOTRONICS INC,0000810136
1803,PHREESIA INC,0001412408
1804,PHYSICIANS REALTY TRUST,0001583994
1805,PICO HOLDINGS INC,0000830122
1806,PRICE T ROWE GROUP INC,0001113169
1807,PRICESMART INC,0001041803
1808,PRIMEENERGY RESOURCES,0000056868
1809,PRIMO WATER,0000884713
1810,PRINCIPIA BIOPHARMA,0001510487
1811,PRIORITY TECHNOLOGY,0001653558
1812,PROASSURANCE CORP,0001127703
1813,PROCTER & GAMBLE CO,0001301301
1814,PROFESSIONAL HOLDING,0001630856
1815,PROGRESS SOFTWARE CORP,0000876167
1816,PROGRESSIVE CORP,0000080661
1817,PROGYNY,0001551306
1818,PROOFPOINT INC,0001212458
1819,PROPETRO HOLDING CO,0001680247
1820,PROSPERITY BANCSHARES,0001068851
1821,PROTAGONIST THERAPEUTICS,0001377121
1822,PROTHENA CORP PLC,0001559053
1823,PROTO LABS INC,0001443669
1824,PROVIDENCE SERVICE CORP,0001220754
1825,PROVIDENT BANCORP INC,0001070154
1826,PRUDENTIAL BANCORP INC,0001302324
1827,PRUDENTIAL FINANCIAL INC,0001137774
1828,PS BUSINESS PARKS INC,0000866368
1829,PTC INC,0000857005
1830,PTC THERAPEUTICS INC,0001070081
1831,PUBLIC STORAGE INC,0000318380
1832,PULTEGROUP INC,0000822416
1833,PVH CORP,0000078239
1834,QAD INC,0001036188
1835,QCR HOLDINGS INC,0000906465
1836,REDWOOD TRUST INC,0000930236
1837,REGAL BELOIT CORP,0000082811
1838,REGENCY CENTERS CORP,0000910606
1839,REGENERON PHARMACEUTICAL,0000872589
1840,REGENXBIO INC,0001590877
1841,REGIONS FINANCIAL CORP,0001281761
1842,REGIS CORP,0000716643
1843,RELIANCE STEEL & ALUM,0000861884
1844,RELMADA THERAPEUTICS,0001553643
1845,RENAISSANCERE HOLDINGS,0000913144
1846,RENASANT CORP,0000715072
1847,RENT A CENTER INC,0000933036
1848,REPLIGEN CORP,0000730272
1849,REPRO MED SYSTEMS,0000704440
1850,REPUBLIC FIRST BANCORP,0000834285
1851,REPUBLIC SERVICES INC,0001060391
1852,RESEARCH FRONTIERS INC,0000793524
1853,RESIDEO TECHNOLOGIES,0001740332
1854,RESMED INC,0000943819
1855,RESONANT INC,0001579910
1856,RESOURCES CONNECTION,0001084765
1857,RETAIL VALUE INC,0001735184
1858,RETRACTABLE TECHNOLOGIES,0000946563
1859,REVANCE THERAPEUTICS INC,0001388649
1860,REVLON INC,0000887921
1861,REVOLUTION MEDICINES,0001628171
1862,REX AMERICAN RESOURCES,0000744187
1863,REXNORD CORP,0000843761
1864,REYNOLDS CONSUMER PRODUC,0001531476
1865,RH,0001309577
1866,RHYTHM PHARMACEUTICALS,0001649904
1867,RIBBON COMMUNICATIONS,0001708055
1868,RICHMOND MUTUAL BANCORP,0001767837
1869,RIGEL PHARMACEUTICALS,0001034842
1870,RIMINI STREET INC,0001415610
1871,RINGCENTRAL INC,0001384905
1872,SATSUMA PHARMACEUTICALS,0001692830
1873,SAUL CENTERS INC,0000907254
1874,SAVARA INC,0001461492
1875,SB ONE BANCORP,0001028954
1876,SBA COMMUNICATIONS CORP,0001034054
1877,SCANSOURCE INC,0000918965
1878,SCHEIN HENRY INC,0001000228
1879,SCHLUMBERGER LTD,0000087347
1880,SCHOLAR ROCK HOLDING,0001727196
1881,SCHOLASTIC CORP,0000866729
1882,SCHRODINGER,0001490978
1883,SCHWAB CHARLES CORP,0000316709
1884,SCIENCE APPLICATIONS INT,0000734896
1885,SCIENTIFIC GAMES CORP,0000750004
1886,SCORPIO BULKERS INC,0001587264
1887,SCORPIO TANKERS INC,0001483934
1888,SCOTTS MIRACLE-GRO CO,0000825542
1889,SCPHARMACEUTICALS INC,0001604950
1890,SCRIPPS E W CO,0000832428
1891,SEABOARD CORP,0000088121
1892,SEACHANGE INTERNATIONAL,0001019671
1893,SEACOR HOLDINGS INC,0000859598
1894,SEALED AIR CORP,0001012100
1895,SEASPINE HOLDINGS CORP,0001637761
1896,SEATTLE GENETICS INC,0001060736
1897,SECUREWORKS CORP,0001468666
1898,SEI INVESTMENTS CO,0000350894
1899,SELECT ENERGY SERVICES,0001693256
1900,SELECT MEDICAL HOLDINGS,0001320414
1901,SELECTA BIOSCIENCES INC,0001453687
1902,SEMPRA ENERGY,0001085767
1903,SEMTECH CORP,0000088941
1904,SENECA FOODS CORP,0000735236
1905,SENSATA TECHNOLOGIES,0001381984
1906,SENSIENT TECHNOLOGIES,0000310142
1907,SLM CORP,0001032033
1908,SM ENERGY CO,0000893538
1909,SMART GLOBAL HOLDINGS,0001616533
1910,SMARTFINANCIAL INC,0001038773
1911,SMARTSHEET,0001366561
1912,SMITH A O CORP,0000091142
1913,SMITH MICRO SOFTWARE INC,0000948708
1914,SMUCKER J M CO,0000091419
1915,SNAP ON INC,0001065862
1916,SOLAREDGE TECHNOLOGIES,0001419612
1917,SOLARIS OILFIELD,0001626416
1918,SOLARWINDS,0001428669
1919,SOLENO THERAPEUTICS INC,0001484565
1920,SOLID BIOSCIENCES INC,0001707502
1921,SONIC AUTOMOTIVE INC,0001043509
1922,SONOCO PRODUCTS CO,0000091767
1923,SONOS INC,0001314727
1924,SORRENTO THERAPEUTICS,0000850261
1925,SOUTH JERSEY INDUSTRIES,0000857731
1926,SOUTH PLAINS FINANCIAL,0001163668
1927,SOUTHERN CO,0001718488
1928,SOUTHERN COPPER CORP,0001001838
1929,SOUTHERN FIRST BANCSHARE,0001090009
1930,SOUTHSIDE BANCSHARES INC,0000705432
1931,SOUTHWEST AIRLINES CO,0000092380
1932,SOUTHWEST GAS HOLDINGS,0001692115
1933,SOUTHWESTERN ENERGY CO,0000007332
1934,SPECTRUM BRANDS HOLDINGS,0000109177
1935,SPECTRUM PHARMACEUTICALS,0000831547
1936,SPIRE INC,0001126956
1937,SPIRIT AEROSYSTEMS,0001476515
1938,SPLUNK INC,0001353283
1939,SPRINGWORKS THERAPEUTICS,0001716049
1940,SPROUT SOCIAL,0001517375
1941,SUPERIOR GROUP OF CO,0000095574
1942,SUPERNUS PHARMACEUTICALS,0001356576
1943,SURMODICS INC,0000924717
1944,SUTRO BIOPHARMA,0001382101
1945,SVB FINANCIAL GROUP,0000719739
1946,SVMK,0001739936
1947,SWK HOLDINGS,0001231167
1948,SYKES ENTERPRISES INC,0001010612
1949,SYNAPTICS INC,0000817720
1950,SYNCHRONY FINANCIAL,0001601712
1951,SYNDAX PHARMACEUTICALS,0001395937
1952,SYNNEX CORP,0001177394
1953,SYNOPSYS INC,0000883241
1954,SYNOVUS FINANCIAL CORP,0000018349
1955,SYROS PHARMACEUTICALS,0001556263
1956,SYSCO CORP,0000096021
1957,SYSTEMAX INC,0000945114
1958,TABULA RASA HEALTHCARE,0001651561
1959,TACTILE SYSTEMS TECH,0001027838
1960,TALOS ENERGY INC,0001724965
1961,TANDEM DIABETES CARE INC,0001438133
1962,TANGER FACTORY OUTLET,0000899715
1963,TARGET CORP,0000027419
1964,TAUBMAN CENTERS INC,0000890319
1965,TCF FINANCIAL CORP,0000019612
1966,TCR2 THERAPEUTICS,0001750019
1967,TD AMERITRADE HOLDING,0001173431
1968,TEAM INC,0000318833
1969,TECHTARGET INC,0001293282
1970,TEGNA INC,0000039899
1971,TEJON RANCH CO,0000096869
1972,TELA BIO,0001561921
1973,TELEDYNE TECHNOLOGIES,0001094285
1974,TELEFLEX INC,0000096943
1975,TELENAV INC,0001353536
1976,TELEPHONE & DATA SYSTEMS,0001043108
1977,TOPBUILD CORP,0001633931
1978,TORO CO,0001804990
1979,TPG RE FINANCE TRUST,0001630472
1980,TPI COMPOSITES INC,0001455684
1981,TRACTOR SUPPLY CO,0000916365
1982,TRADEWEB MARKETS,0001505211
1983,TRANE TECHNOLOGIES PLC,0001466258
1984,TRANSCAT INC,0000099302
1985,TRANSCONTINENTAL REALTY,0000733590
1986,TRANSDIGM GROUP INC,0001260221
1987,TRANSMEDICS GROUP,0001756262
1988,TRANSOCEAN LTD,0001451505
1989,TRANSUNION,0001513519
1990,TRECORA RESOURCES,0000007039
1991,TREDEGAR CORP,0000850429
1992,TRIBUNE PUBLISHING CO,0001593195
1993,TRICO BANCSHARES,0001709715
1994,TRIMAS CORP,0000842633
1995,TRIMBLE INC,0000864749
1996,TRINET GROUP INC,0000937098
1997,TRINITY INDUSTRIES INC,0000099780
1998,TRIPADVISOR INC,0001123970
1999,TRIPLE-S MANAGEMENT CORP,0001171662
2000,TRITON INTERNATIONAL LTD,0001660734
2001,TRIUMPH GROUP INC,0001021162
2002,TRONOX HOLDINGS PLC,0001530804
2003,TRUIST FINANCIAL CORP,0000092230
2004,TRUPANION INC,0001371285
2005,TRUSTMARK CORP,0000036146
2006,TTM TECHNOLOGIES INC,0001116942
2007,TUCOWS INC,0000909494
2008,TUPPERWARE BRANDS CORP,0001008654
2009,TURTLE BEACH CORP,0001493761
2010,UNIVAR SOLUTIONS INC,0001494319
2011,UNIVERSAL CORP,0000102037
2012,UNIVERSAL DISPLAY CORP,0001005284
2013,UNIVERSAL ELECTRONICS,0000101984
2014,UNIVERSAL HEALTH REALTY,0000798783
2015,UNIVERSAL INSURANCE,0000891166
2016,UNIVERSAL TECHNICAL INST,0001261654
2017,UNUM GROUP,0001121946
2018,UPWORK,0001627475
2019,URANIUM ENERGY CORP,0001334933
2020,URBAN EDGE PROPERTIES,0001681169
2021,URBAN OUTFITTERS INC,0000912615
2022,UROGEN PHARMA,0001668243
2023,US BANCORP,0000036104
2024,US FOODS HOLDING CORP,0001665918
2025,US XPRESS ENTERPRISES,0000923571
2026,USANA HEALTH SCIENCES,0000896264
2027,V F CORP,0000103379
2028,VAIL RESORTS INC,0000812011
2029,VALERO ENERGY CORP,0001035002
2030,VALLEY NATIONAL BANCORP,0000714310
2031,VALMONT INDUSTRIES INC,0000102729
2032,VALUE LINE INC,0000102757
2033,VALVOLINE INC,0001674910
2034,VANDA PHARMACEUTICALS,0001347178
2035,VAPOTHERM,0001561748
2036,VAREX IMAGING,0001681622
2037,VARIAN MEDICAL SYSTEMS,0001722251
2038,VARONIS SYSTEMS INC,0001361113
2039,VBI VACCINES INC,0000764195
2040,VECTOR GROUP LTD,0000059440
2041,VEECO INSTRUMENTS INC,0000103145
2042,VEEVA SYSTEMS INC,0001393052
2043,VENTAS INC,0000740260
2044,VENUS CONCEPT,0001649064
2045,VSE CORP,0000102752
2046,VULCAN MATERIALS CO,0001396009
2047,W&T OFFSHORE INC,0001552199
2048,WABASH NATIONAL CORP,0000879526
2049,WABTEC CORP,0000943452
2050,WADDELL & REED FINANCIAL,0001470477
2051,WAITR HOLDINGS INC,0001653247
2052,WALGREENS BOOTS ALLIANCE,0001618921
2053,WALKER & DUNLOP INC,0001347368
2054,WALMART INC,0000104169
2055,WASHINGTON REAL ESTATE,0000104894
2056,WASHINGTON TRUST BANCORP,0000737468
2057,WATERS CORP,0001000697
2058,WATERSTONE FINANCIAL INC,0001329517
2059,WATFORD HOLDINGS,0001601669
2060,WATSCO INC,0000105016
2061,WAVE LIFE SCIENCES LTD,0001631574
2062,WAYFAIR INC,0001616707
2063,WEBSTER FINANCIAL CORP,0000801337
2064,WEIS MARKETS INC,0000105418
2065,WELBILT,0001650962
2066,WELLS FARGO & CO,0001162702
2067,WELLTOWER INC,0000766704
2068,WERNER ENTERPRISES INC,0000793074
2069,WESBANCO INC,0000203596
2070,WESCO INTERNATIONAL INC,0000929008
2071,WEST BANCORPORATION INC,0001166928
2072,WESTAMERICA BANCORP,0000311094
2073,WESTERN ALLIANCE BANCORP,0001212545
2074,WESTERN DIGITAL CORP,0000106040
2075,WESTERN NEW ENGLAND,0001157647
2076,WESTERN UNION CO,0000106367
2077,WESTLAKE CHEMICAL CORP,0001262823
2078,WESTROCK CO,0001806347
2079,WESTWOOD HOLDINGS GROUP,0001165002
2080,WEX INC,0001309108
2081,WEYCO GROUP INC,0000106532
2082,WEYERHAEUSER CO,0000106535
2083,YETI HOLDINGS,0001670592
2084,ZEBRA TECHNOLOGIES CORP,0000877212
2085,ZENTALIS PHARMACEUTICALS,0001725160
2086,ZIMMER BIOMET HOLDINGS,0001136869
2087,ZIOPHARM ONCOLOGY INC,0001107421
2088,ZIX CORP,0000855612
2089,ZOETIS INC,0001555280
2090,ZOGENIX INC,0001375151
2091,ZOOM VIDEO COMMUNICATION,0001585521
2092,ZSCALER,0001713683
2093,ZUMIEZ INC,0001318008
2094,ZUORA,0001423774
2095,ZYNEX,0000846475
2096,ZYNGA INC,0001439404
